transaction_id,user_id,product_id,timestamp,transaction_amount
5e774208-5bf7-497e-bcf9-b2f4bd8c1ed4,806,380,2025-04-05 02:59:28,206.69
291576b3-8c6e-4ab9-9ffd-574ac5e82e4c,870,239,2025-01-15 21:41:01,349.5
901567b7-b6c1-4b13-8a15-5655c9dc7e6c,269,285,2025-02-06 00:50:50,114.75
bb6770e3-ff2f-4cf3-8b8d-8250e0423508,304,360,2025-02-25 03:02:51,458.65
c604249f-15be-4e40-b280-80bb8b3cca35,956,46,2025-10-07 19:07:22,362.35
ade265e2-7dac-49f9-a0cd-a3f7d552e5bf,458,492,2024-10-31 19:40:16,111.39
328faf3a-66c0-4934-93f1-0ef3f1dbebb4,727,167,2025-04-10 04:05:12,481.96
f60392d3-2c33-4c46-b61a-52f9180d407e,363,24,2025-01-16 21:20:51,341.48
91feb6d8-e168-4181-b389-c53124e1293a,271,42,2025-09-01 00:48:12,52.09
9d888444-3b55-4f25-aef4-ac390036220d,918,270,2024-12-04 01:37:07,43.93
11a59338-bb13-498f-a444-eb468e4cfa2f,657,455,2025-06-22 11:21:00,410.91
37ef0e9b-7b30-4221-87aa-9352d2c048e4,322,226,2024-12-13 17:48:32,118.77
50179f8d-5f38-4078-892f-1d73b54512fe,146,214,2024-10-24 05:34:05,57.72
88514aa9-df92-41ce-89dd-02d17f03c0a1,301,388,2025-02-10 11:24:55,228.54
a67db56d-ad2d-429b-84cf-7f09cd3e5e5f,683,126,2024-11-08 11:34:52,203.92
05d675c2-c19a-4656-a76b-abf118b87a60,901,369,2025-09-22 07:39:55,327.59
9df2e6af-4baf-4c74-8bca-053a73f3e718,592,403,2025-04-09 03:10:03,414.85
54ff0a6a-debb-42f3-a308-c585b8aab1a2,578,235,2025-02-26 03:22:30,475.86
d551ea93-0291-44ee-a711-0f7ce6b03a2d,134,129,2025-10-03 04:23:58,334.23
864efc4d-29a1-4a2d-92ec-079a24d6f73b,476,137,2024-12-26 07:41:20,76.65
5bb321b0-bf02-413b-b35d-e8bf9055c07b,981,302,2025-05-14 20:38:41,230.38
491bef20-fcbc-4f8c-8499-406348d8bf15,572,343,2024-11-15 21:25:16,406.65
9b096d61-8f75-4df6-8ef5-01b1b102142f,250,213,2025-04-06 00:04:01,423.8
91ee814b-784d-46c5-9495-876b78085109,120,75,2025-02-18 18:21:55,476.94
453a3dea-b541-403d-b8d3-b4f701d9e089,191,227,2025-01-10 21:51:47,195.09
58bf766f-9e28-48ca-aca0-629d28cf8b3b,312,316,2025-02-11 01:33:56,429.56
d6a5222c-9710-4ebe-abc8-b167ca205a7b,832,1,2025-08-29 23:05:14,41.21
08728fd7-3b29-41cc-874f-37ef03748d9a,175,500,2025-04-14 22:23:57,169.22
2036dfae-3ee5-43f5-970d-f22de1baaa7a,777,160,2025-08-23 17:07:19,165.97
21405725-3caf-4585-bdfe-2a08824b7ba8,96,194,2025-05-24 19:25:24,220.41
e83c35ec-99a7-492a-8dc3-c5e70f9c4128,908,248,2025-09-05 17:12:55,496.48
f917e516-998f-4b46-9fd4-0b59ead032f2,907,387,2025-02-28 18:09:43,377.04
5cbd77e9-ca44-4fd8-9a9e-eae6a43f5731,725,18,2025-05-17 01:54:12,113.93
f69001af-6745-4e5a-b7b3-a287e201f958,204,398,2025-01-11 18:29:41,469.77
b0fec941-7da7-41fc-99a9-6763830df9d6,360,98,2025-06-03 09:32:27,26.21
1699446f-4170-457d-9dac-97e3158b0ab5,320,212,2024-11-09 21:04:56,230.91
3577388a-92b4-4a38-aa1b-575f89ec1862,470,422,2025-09-27 14:40:19,148.83
c91fbab4-1272-46ab-bb22-ac23de62c76b,416,381,2025-04-10 12:49:06,172.87
e0cb3c1a-2789-4b25-9de3-ba60b048db06,307,298,2025-09-08 10:20:05,357.36
6fd542c4-4c5b-4947-8775-d47b06b35b8d,731,235,2025-04-14 06:18:31,305.62
2f37ec5e-61f3-4a28-85c8-1e3c63c8d8dd,764,11,2024-10-16 17:49:14,9.21
2e4f32a1-e0c6-477a-95db-7ebce7e8acef,538,471,2025-08-24 22:11:12,245.64
253815d9-6b2c-44b9-be63-8d3f95ba229b,338,261,2025-01-01 13:37:09,412.59
cefad973-664b-4d57-9ed5-ea7f62379f85,508,78,2025-03-23 21:24:28,325.61
8c889d25-048e-44da-9353-2052c6d20d07,123,401,2024-11-02 18:21:48,388.25
a5432e90-90f3-4cf7-a2ca-9dbaf738cd18,654,12,2025-04-21 03:00:29,425.12
6872988b-a300-4d43-b921-72d96f93f7a9,593,123,2025-07-20 09:55:26,195.69
21b4aa6a-2348-4059-9c97-0c0b9e672f04,864,36,2025-07-19 06:12:35,161.9
a1f508be-2242-4024-a148-2f844a7827e9,29,201,2025-08-20 05:30:55,460.04
abf027ca-0c7e-4bc6-b0cb-c0cb688b945d,585,419,2025-05-14 14:07:35,218.71
6abbb25a-5fc9-4bdc-98cf-e3471243ce25,570,335,2024-12-27 20:19:23,18.41
bff7890c-68c3-4550-808d-a8ae6748ce27,260,136,2025-03-21 10:30:35,433.46
27eaa564-015e-4618-b0d4-59886efa46fd,416,271,2025-04-20 09:11:07,497.01
a90afb21-3698-45c6-9281-ec53381817bb,893,384,2025-01-21 18:13:39,187.18
cd5122ba-81c8-4e98-818c-2183849ed571,60,72,2024-12-16 15:42:28,226.85
9ef13b9e-505f-41b7-b006-d93e2a9adbb7,764,273,2025-10-10 10:27:07,68.65
852efa95-7bc2-4d22-95ac-d0b33eb86bae,766,206,2025-10-10 21:51:58,232.61
c157f327-6dd6-4633-8fdf-0c78bd1bdbc2,960,18,2025-03-05 11:18:03,93.64
83b95558-6cf3-49e9-a825-b35f71f7e458,110,459,2025-02-21 17:11:10,179.68
61d646cc-ce22-4daf-8c73-49076d675f8a,806,178,2025-03-16 20:08:27,151.73
06d061ec-41b5-4899-9b8b-e71cf1ac2157,809,363,2025-01-12 00:05:08,478.97
f5507e04-51c0-42bf-869c-de14c369ea6c,561,23,2025-04-27 07:25:17,75.81
213a94b3-410d-405e-9389-9efe0f0026ab,753,302,2025-03-19 07:15:51,380.08
9fb86893-29d3-4efd-a263-94ce563eae12,393,163,2025-01-28 05:08:34,304.95
36386f26-9b58-4893-aac8-2c66556924c4,341,13,2025-05-07 00:31:26,268.33
41dbaa3b-ab97-467d-8fc6-3cc96181c592,72,452,2024-10-27 13:20:15,233.0
7d01fc96-638a-479b-a627-2d98fda48415,269,297,2025-08-12 15:22:58,108.8
fc1f2895-b3af-47d6-b136-d4a5f3185a6a,234,308,2025-01-12 10:43:48,120.04
89b5897d-3654-42da-be4a-82467934553a,650,426,2025-02-24 20:07:49,278.45
9c3ac69d-9a03-4e3e-a820-16be1c04c1be,623,443,2024-11-01 14:56:09,294.44
a3ce0f9c-171a-428a-a4f5-dd4f185a3c95,234,457,2025-02-05 01:06:45,81.47
c245bb7d-aea1-4dd7-8dae-2a60113765cd,696,168,2025-07-19 14:52:02,433.56
25c82855-4e7f-4e5b-a742-ebf24cbc55f1,173,364,2025-03-01 03:41:49,36.34
423c0101-06ee-4907-91a7-c37e0cec3bc8,180,181,2025-02-09 19:56:45,180.3
0301661f-3d0c-41d5-a699-6f471be18c02,338,403,2024-11-20 20:37:21,66.12
66640da9-bd13-4453-aeeb-7a2600c961d2,850,352,2024-10-29 00:05:34,11.65
838d7b4a-3466-42bf-96dd-9840a7b33eea,807,234,2025-06-26 05:36:54,306.64
42c5e618-9d9a-4341-ab65-2006b7dcb042,526,265,2025-03-10 15:15:48,250.8
495b0aa8-3603-4b06-a265-b4b6dacc836d,798,201,2025-06-18 21:30:23,146.66
28940870-66f9-469e-900c-fd7e72f2192a,872,133,2025-08-01 16:35:55,388.8
feee026f-80ec-4505-8a99-accc8fc6a3ca,396,435,2024-12-02 07:22:43,243.1
b7c9f3a6-68bc-4ffd-accd-8c55e474394a,704,207,2025-10-10 01:13:18,496.37
eaaf49b7-fd62-4b23-a18d-08590d8ce801,157,497,2024-12-28 19:55:09,211.03
ea3d098c-9eb3-4e30-b902-802f7a49c60b,895,353,2025-03-31 03:56:51,276.12
c813d5ef-921d-4628-83cc-88e5d45aa8ac,372,6,2025-08-05 01:39:37,327.49
cf400a43-da49-4406-837c-16865d1f4fdc,682,18,2025-05-20 00:17:00,197.04
06b417b4-1bd7-4772-b7fc-e065ad13ce04,496,148,2025-04-30 06:20:55,273.46
5d59aebb-d5c7-4139-afbe-cb6526434c6d,803,208,2025-06-04 21:12:53,314.84
a8f9a01d-422a-4f35-9c78-b4ede665e3d6,796,479,2025-10-06 05:15:44,5.94
f0d6a75a-a3bc-4ebc-86b7-bb3ab101830a,577,488,2025-06-16 02:29:10,283.02
19d618f2-e41f-405e-b79d-2152d0256b51,240,192,2024-11-13 04:02:02,103.95
9e00ede7-bd01-47e3-ae95-e4ac5d320190,324,294,2025-06-02 01:23:02,45.6
f8e564f8-3f17-4f7b-916f-681371c956e2,582,194,2025-01-09 02:35:21,430.41
c836e4e4-aa51-4bba-a3c2-486db51f3e55,794,497,2024-12-23 05:55:39,244.31
5094317a-fc8a-4c37-a5ba-8631bf2e10d8,846,149,2025-08-16 21:20:57,128.45
0f9083e7-1d8a-4955-97da-8af76a2e6e33,161,164,2025-07-11 23:58:25,244.38
fba34d40-b767-4553-9bfa-aab65670ccce,942,458,2025-03-02 21:36:30,232.23
2329b0c5-1efa-461b-a1ca-6eaade733092,971,47,2025-07-29 21:33:03,233.78
8ffd77ac-19b8-4e16-bc9e-65fd39d3d9ab,720,149,2024-11-01 19:57:49,17.51
84666c33-8bfb-49fe-809a-df94ddd43d4e,23,167,2024-10-13 14:05:21,451.83
f47725a2-3b36-410f-b30b-36e6cee248ca,441,153,2024-10-26 10:45:39,248.96
3a95b1da-d212-4c18-9265-0f0b7f33502f,591,351,2025-01-07 01:19:02,148.75
b58ab0c0-b9d8-4485-b855-9160fc77a8a3,679,25,2025-05-01 06:37:44,161.24
dc44b0d5-9d83-427c-88c2-ea3d2af0fd20,9,83,2025-02-25 13:39:54,283.84
22b83aae-c4cd-492b-bb3a-5f8521201874,797,395,2025-06-06 10:03:40,62.3
82366e64-16cd-4f6a-9d2a-efa88468dab2,534,314,2025-07-11 12:55:43,31.59
71ad6d60-ae1c-493d-bf30-10b54b8bb010,915,487,2025-03-20 02:02:32,89.53
bba4f3ba-fba9-48e7-bab5-9cda4f491760,40,327,2025-06-27 15:40:00,369.43
ac8f1028-989a-4473-ae86-3cb5e7e8b861,336,343,2025-06-26 03:03:34,360.03
9beed659-4a05-4d0f-b5ed-a1c11d42f76c,792,387,2024-12-20 14:10:22,312.25
4ce7e256-af44-49d0-8a15-c62e926f77f7,754,459,2025-09-17 14:27:07,11.1
2b7507d6-8c40-4052-ab16-7e0fa9e2e63e,64,307,2025-01-24 06:40:00,120.09
0abc8114-6f6b-46db-ac77-80d0f92dc40c,611,359,2025-07-20 02:37:41,228.82
89eecbd8-a9bb-4973-a8f1-8ff126934f50,202,471,2025-07-14 05:25:21,122.06
94ae9665-b783-46e9-b791-d79ffb630f41,389,95,2025-08-25 16:24:45,273.35
a8c31fa6-35e4-4fbe-a506-a7209f916204,590,156,2025-05-03 21:33:05,138.31
b3e61f4b-a934-47b6-ab1f-98887bbd683e,285,135,2025-08-11 21:47:45,477.63
97f627ce-3cb4-405d-a2ca-e0153de76248,680,405,2025-01-09 21:57:35,313.26
37fc79db-90f7-4b2a-a687-b8b06ccceebb,500,440,2025-08-21 02:06:58,73.66
e098dbb8-52a3-4ec7-8970-7e7c304c5442,571,73,2024-12-25 06:54:59,61.28
22b1c6b6-b393-4897-9ada-c411eddab6dc,360,100,2025-06-10 16:47:47,235.49
d01dcb9e-691c-4f7a-8af6-53fb71d4c216,471,438,2024-12-14 10:03:41,219.4
97879e6b-eda2-4553-9aaf-0d15435abefc,686,323,2025-06-13 15:29:20,417.34
111a96e2-a1d2-4d50-b425-5a4f0be231f4,515,423,2025-08-09 11:30:40,136.19
d1a7e621-7111-4a5e-bd46-265a9615e83d,144,136,2025-04-22 19:44:57,241.86
d9cb3823-dc69-437f-a6df-d35ab3d58cfa,413,295,2025-04-21 21:23:43,408.05
4ba499b2-0247-409e-b6fc-1dc10fbf4165,278,324,2025-07-19 04:46:02,353.89
1a89bd93-7f1d-4613-9b42-32655bf52c9d,773,23,2024-11-14 20:33:51,498.36
89d34f6d-7e6a-43f8-8695-8895560124ce,120,231,2025-03-20 11:48:34,144.17
06eca9a7-0b97-4221-813c-83ab7e475e93,482,96,2025-08-10 18:17:58,111.89
666cc1dc-60eb-4660-9af3-720be0f323a5,539,268,2024-12-19 08:26:23,358.53
99c15fdb-0079-4492-8c9f-9127f85b6cc8,310,325,2025-04-19 16:17:32,197.31
cb1ea8d2-9921-494f-a1f5-97689dc8d442,108,372,2025-09-30 21:38:17,91.1
8c7d4194-abdf-4dbf-bb85-ba41fe1163f0,199,444,2025-07-13 15:27:08,196.27
c0a92b02-a0c3-47f6-a4ee-a44675f7f37d,100,451,2025-07-07 04:43:29,227.55
b3b0ba1c-0aea-4487-987e-c504c83704ad,818,256,2025-05-09 07:13:07,97.44
9cecdd98-ea44-4626-8b79-cf706fc0c600,389,450,2025-05-02 07:59:04,286.12
0d5cedd6-a14d-4f65-b38d-2053f6727c5e,442,242,2025-06-10 23:45:07,476.88
77f358df-058e-4c84-a3b1-179b0cde48f7,117,70,2025-07-21 11:12:12,227.81
82a7436b-20fe-491f-b05b-f0959f498bae,823,171,2024-12-05 03:54:55,207.35
95d4c08a-1fb6-4f43-8467-7493792fca98,264,63,2024-11-23 05:10:21,393.33
fcb92f34-4ee2-4743-af08-dfbe7113c3dc,101,85,2024-12-01 16:28:43,39.8
02c645e2-4c9d-4d37-bca4-2cb4a6fb6471,711,466,2025-09-03 15:03:01,198.91
46acdec4-2579-4eba-9780-5e3cdb5ca56e,702,331,2024-10-22 16:59:26,47.47
94e24d70-6d1d-4dd8-9015-082653afff4c,59,486,2025-09-09 15:43:28,472.57
3e5f4c95-f302-497f-b838-934ea06c7f0d,895,100,2025-06-20 00:48:05,322.3
b8a5ad2f-ce36-46ca-9587-053225c3e1b2,548,471,2025-01-27 22:38:54,40.4
eea1f859-abf7-4f05-81f3-70272b584854,853,295,2025-02-14 14:01:23,462.99
952a606e-4e97-49b5-93c0-a59cd0573dd4,56,277,2025-03-22 21:34:07,12.93
ebf800c7-d6fd-4d50-b15d-e8a0929fbb36,657,316,2025-03-30 01:17:30,161.87
41c4fa40-2bf7-4e00-8579-8f07a27ad1fe,911,114,2025-04-05 03:17:40,135.13
0541cf82-7744-47e7-b7d7-5c4ea770094d,477,81,2025-10-02 13:18:10,162.47
a36318ab-e2ae-428f-8e1a-1181d1b39b34,683,388,2025-05-21 22:37:39,105.54
d671440e-ff54-4818-8a70-7f49f779237f,407,439,2025-03-08 05:25:00,315.59
aea25c5d-f1d5-46dd-ace1-46ffdeb76712,940,387,2025-07-11 19:53:04,148.78
55dead52-4749-4c94-b38a-bf301b76972e,63,193,2025-02-23 11:20:36,224.97
6aea51f8-ad25-4683-8adb-1c2049cb7843,805,220,2024-11-03 07:12:13,492.86
bf3d9c68-801e-4ee3-ac2b-0ada7929c878,200,470,2024-11-17 00:35:34,326.71
0f8f41ba-17ca-4ffb-b7ab-2dc6743884e5,402,436,2025-02-15 22:47:32,223.38
18158f01-aea8-47e9-abe4-77f3295f3381,880,442,2025-09-22 17:32:27,141.59
e0988786-2d6c-4388-98c3-9769ac20cb6b,214,144,2024-11-15 19:48:22,131.4
5c46dc24-434c-40b8-b5fe-fa71eacc0559,242,372,2025-09-14 08:56:04,404.55
a6ab7740-bb94-4c9d-a61e-c17214220374,713,185,2025-04-11 01:06:34,476.12
5c6ef4da-d829-42ce-9ad8-b16b27d953bd,483,303,2025-07-21 02:02:48,279.41
ffa2755e-b9e9-4015-bd9e-b0afc38f48c9,993,5,2025-05-11 17:07:49,259.98
efe930e4-0a7a-4dc6-887c-be813868bce7,91,278,2025-05-14 11:57:46,306.25
1e58e4c0-015f-4d74-b65b-03213223e543,763,114,2025-05-14 06:24:09,399.16
93494e63-5e83-43d3-8900-db95b9b63c55,420,162,2025-07-30 13:20:21,279.53
c0f00d15-a34b-441b-9278-42fc6c2e4806,56,43,2025-08-18 15:12:53,176.91
f0653f77-c0b6-47e1-998c-3ba3a756ef4f,964,401,2024-12-06 06:31:28,366.84
aa9d46cb-2292-4e55-9282-e4d8ac7bc8e7,807,155,2025-04-14 10:26:04,97.4
23c88e80-95aa-45de-8089-30025682d52b,902,103,2025-01-03 20:11:04,403.93
02dad297-d797-4970-b8ea-997d87b6cf52,345,154,2025-01-09 03:20:54,84.08
8b1acd0c-7822-4351-8646-c8b0ffddb866,509,485,2025-03-29 06:35:10,499.86
c45a95f4-2d14-4692-8c67-920b5f2aa000,391,211,2024-11-28 18:03:59,179.24
f8159b82-c700-40bd-a903-8c4917f313f3,439,176,2025-07-06 11:45:12,469.07
c7d41fc2-5199-45ed-8dd2-9f6eac36f832,308,500,2025-03-17 16:41:25,189.55
0e62c889-09da-4e8d-b482-619b1f6bb1f2,705,210,2025-01-14 03:38:42,457.58
b6d58c94-9f14-4c40-af74-d2c9efc3ddb1,967,326,2024-10-22 15:51:39,235.36
fe2e4146-74da-4864-9190-38ccce3d00d5,110,1,2025-04-14 14:10:51,423.67
f4fef1e8-0ab6-4e28-b188-002ebbae67bc,794,239,2025-04-18 02:04:08,493.57
c3a3e893-221a-4790-99d6-81b600619bd7,813,218,2025-09-06 23:46:07,6.13
cccaa0f7-e847-43a1-b5f1-01030c1d13e4,214,128,2025-02-27 07:15:31,217.72
6de01329-9ea2-4295-8af0-f68f347a3f54,37,477,2025-04-17 15:24:29,220.5
62dd2faf-0413-4db3-a4fc-3fa5237dfe0b,310,204,2025-06-16 07:35:22,493.6
436785b6-2da6-4011-b5c0-0d27179795f7,516,308,2024-12-23 12:34:57,141.14
3faeb9e4-6a87-4292-90c8-23bb605bdb38,273,446,2025-01-04 19:06:16,123.79
d550d15b-8216-45e1-a8da-8213d263c95f,403,127,2025-06-20 01:23:57,310.94
6ad084ba-3434-4f9d-bd41-b272f30f93ca,270,109,2025-04-29 13:24:36,244.85
8284d128-da37-4e9c-9e06-41e2961e8628,218,465,2024-12-12 06:58:00,60.42
42b38b57-7165-4fda-87c9-b8265abc10d2,471,1,2025-03-29 18:29:26,156.08
6cf5501f-6b6c-495a-81a5-1fdeb7dc30f9,189,472,2025-04-22 20:46:23,463.43
663966b3-3206-4e89-8ba2-f2198a3240cd,761,268,2025-03-11 01:21:56,313.07
d1c8c7f7-9e70-4edb-8c01-338ed6acf68f,56,413,2025-03-13 05:47:11,322.65
8373d0ef-8712-4a1f-96e1-c643c7dfbe8a,91,165,2024-11-17 12:35:34,272.83
74412f95-04a9-47b2-b977-5966ad114ef2,434,239,2025-01-28 04:59:55,80.17
4029faeb-6c16-480a-b37a-855eaea9bc5f,725,437,2025-06-26 01:20:09,397.16
1743ef77-c9d8-4839-a9ab-2ce4cc4af514,947,421,2025-05-08 06:02:43,228.12
9c5d0d97-40d5-446b-89bf-b7c85b51aa36,359,81,2025-06-17 00:20:20,72.82
b676250d-f008-47e9-a037-6986ee532ccf,660,33,2025-06-18 07:04:57,411.56
4638e674-4804-4782-accf-bc34e64e4a8c,389,301,2025-06-26 23:02:16,203.34
6a3ce486-885b-4f53-9800-a275569b03d5,128,316,2025-06-23 00:06:08,134.28
f313dbb5-947d-4c94-9e2c-c097f912d958,200,384,2025-03-23 02:42:05,386.4
60de8e3d-7d3c-4935-acac-9db7c02bbaf3,357,322,2025-01-09 14:12:00,255.79
0504eba7-76b8-43e2-8aa9-fd14007f4102,553,294,2025-02-03 05:07:30,62.82
0f3dde08-03bb-422b-8825-d9b963c963d7,262,435,2025-09-30 05:08:29,143.51
cf0e7c6e-345b-40ab-a8ac-f2624060b17f,164,449,2025-05-26 20:14:17,460.29
b75addae-26c7-43b2-8521-f4887d388cf6,339,150,2024-12-16 01:31:00,311.61
7ca012dc-6cb0-4129-8889-7b7f12c7e84d,808,58,2024-10-22 03:49:18,252.54
9be0d6b5-3f8d-41c2-b9f7-67a45ff908f6,977,19,2025-02-01 07:15:17,117.16
9a41bf69-4101-4455-a564-f92b9bd27df0,464,13,2025-01-28 18:08:02,299.83
aeb3fae8-9451-455d-9177-862e8576f024,14,438,2025-02-15 23:08:27,282.42
e8690ec3-b8d5-4b94-9c5c-94d6e240d0cb,994,133,2025-04-23 12:27:35,428.13
345db889-e9fe-4348-bfeb-034bcc9d5cde,864,332,2024-12-11 12:34:57,290.34
5c50eb75-22eb-4067-ac2b-d6b2f1b9ec7b,545,331,2025-06-24 15:11:59,155.6
e7f82f5d-3ad0-4a51-9971-7385a7e1c1e1,351,309,2025-04-11 04:46:57,108.48
3ccc9e1f-d0eb-4f08-941b-352d1c8ea426,226,376,2024-11-22 06:08:04,260.76
f2af6a1d-eb91-4bbd-bb5a-b2efe5225689,597,133,2025-02-01 11:10:48,392.98
fa60a1fb-550a-4a61-9af8-6e3da5e1ce60,971,414,2025-07-08 18:18:31,151.38
f7dfd373-9339-41e7-9c48-6b22c776475c,410,157,2025-01-07 13:44:12,99.29
b8bec139-d30c-4e19-9ca2-1c49295ddadd,712,21,2025-09-12 09:11:13,224.48
3dd17e01-38e6-42e4-95c6-2dff605b8ca0,698,445,2025-02-20 10:55:37,379.38
7a9364bb-89a4-4137-8ae4-d0470de3ebb2,381,95,2025-04-14 07:26:38,233.79
f5ed7b02-38fe-43b9-b50c-6e13ecb72d54,436,368,2024-11-21 00:06:39,300.07
2c75c638-9b8e-4383-b977-6f873d2647b2,400,55,2025-05-05 06:58:59,302.45
087e77b0-94bd-42a1-83f8-988807ee8ccb,417,263,2025-05-13 17:49:54,128.18
66df46f6-8bd8-4b5c-894c-7f549d09709c,815,280,2025-04-08 10:05:06,233.86
0645aafb-728c-40ba-a353-7bc7e869fa75,90,9,2025-02-18 04:25:52,462.09
994d5754-0dfe-42bb-b35a-5f206c999904,458,359,2025-10-13 04:59:48,150.75
67c84436-f0c8-4af0-b9a1-f31264fba006,530,103,2025-06-22 00:22:35,88.89
73817001-ee7a-49a9-9968-f5bcff2ed7a7,987,7,2025-08-27 06:01:16,416.87
07be610e-6e3d-4e13-96b2-9ed581b47fd8,180,126,2025-09-06 02:26:08,213.32
1cb3246f-c2ef-411c-9814-4f8d6416d4cb,61,367,2024-12-08 00:30:00,432.12
60840015-0e3b-4a83-805c-9b7d553ad8d4,951,374,2025-06-11 17:53:29,223.21
a11264be-2d46-42d9-b261-6daea892b498,885,186,2025-06-27 20:21:51,397.7
55a1510e-a270-435e-9dcb-0f1209161451,180,62,2025-05-01 18:03:10,13.83
7734f98d-93d1-4628-8cb4-b6f31dd3dc8b,1000,159,2025-09-09 22:48:19,61.41
356048b8-4aaa-4d6d-94ce-53e3aa305c8b,686,310,2025-03-08 14:07:31,432.09
31eb8d8d-ec53-44a9-a600-682c1375b6e3,420,368,2025-10-04 08:04:37,357.23
4609ee2b-d3a0-4e49-81b6-2cce60ccfd68,10,446,2024-10-27 17:44:59,424.15
53578f8e-c547-47cc-abdd-240bc5e2e97e,717,243,2025-08-21 16:59:48,282.64
d135f8b8-63dd-49d6-acd9-995e9ecbb184,408,36,2024-10-19 14:44:45,446.8
96304ad9-07a2-4879-9488-93ea02a553b0,666,438,2025-06-05 22:22:00,467.39
fa55c78e-c5be-4550-9bb4-04854b893cb8,948,415,2025-08-07 19:52:07,60.23
e53d5ced-ba51-4bed-86f3-f75c55b83b50,940,86,2025-01-30 15:10:04,62.31
ef4c6528-12ca-4520-84b6-6ef4db348a6f,109,483,2024-10-25 19:48:41,371.91
6abc6c38-e98d-4bb1-ad58-c5be89f7afe0,923,95,2025-07-30 09:35:04,134.21
3abf9b9b-5e5f-4b2a-ac66-ff375d6f6463,553,1,2025-06-16 14:11:29,322.76
fb525aec-f792-4b18-902b-8791a5c6a5b6,496,184,2025-02-08 00:38:26,371.97
2df05f9d-46bc-4a8a-805f-21bb15cb4e05,410,2,2024-12-10 15:35:34,103.93
92549a5e-63df-4061-9edc-9da853ffd80f,875,194,2025-09-02 13:39:34,115.61
04de7714-b409-4cc2-9cd2-6d2ffd888a04,174,244,2024-11-30 19:22:11,446.9
f9e1cb29-1e8b-48ee-a93a-f84fe2b20873,543,461,2024-10-25 07:51:09,98.08
75057662-7e6a-4ee0-9165-5b28a038be06,488,72,2025-08-22 20:29:45,415.88
d0aa57bd-ef5d-40aa-9556-5513342e4d6e,471,238,2025-06-28 05:26:07,71.8
247f3b03-d852-4b51-a377-f7bc71c48a47,950,387,2025-05-17 12:13:18,340.32
f21ea57b-caf5-4afc-8a88-7c1a4aa179ec,368,390,2025-07-02 14:41:47,104.08
0cd62436-8e93-48b9-b9f8-f88e309a74f7,521,384,2024-10-19 10:49:08,373.16
24a348e4-46f7-4327-96ca-75ce5c15323b,362,393,2025-05-19 04:02:14,391.52
77936bc8-41ef-44ba-bdd1-f632839bd60f,916,333,2025-03-08 19:12:00,222.58
776560ae-00f7-46e2-83ee-50b14e3b831a,324,300,2025-06-29 22:40:47,139.18
f7186cf3-371d-4ece-84d4-c78b13871546,773,381,2025-05-18 08:21:37,11.42
703a6ec2-297f-4963-9f24-60bbc88f6ae5,807,221,2025-03-23 22:00:55,227.68
2c838808-9138-4a61-8c75-93936b7ebc40,26,253,2024-11-05 22:00:57,286.51
8c138bac-20f8-44d0-918c-a6e683cd0ec6,42,303,2025-05-11 07:36:11,177.52
13496419-78bc-4355-b4c9-8840d43b7882,434,431,2025-04-09 10:59:28,170.83
0c247b23-6cd4-44b3-bceb-b6dbc914131d,179,488,2025-03-16 19:00:25,246.71
428ff20e-1584-467b-a7f0-d66a2643593d,367,149,2025-10-07 01:27:22,53.09
a08efd12-2aac-4496-88c4-5c922a14ecf0,918,223,2025-04-01 20:42:07,133.93
b904fe0b-a149-45f1-9bc3-a8832ff18dd1,528,365,2024-12-30 08:00:27,303.56
ae4c5c20-a4c9-4172-ad28-6a3e527b88d9,780,392,2025-07-08 03:38:52,402.44
f828dcc7-d09b-4ba0-b873-dc63d2c7ed33,354,376,2025-10-04 07:25:01,381.12
91789c1d-9fa6-4408-ab6b-5155da2012b1,391,400,2025-04-07 22:26:58,224.74
733d10bb-9295-448f-ba97-acf3fb0b385f,347,471,2025-04-09 10:52:54,204.01
16384c71-135b-4665-ae1b-0d992f153dd4,593,388,2025-07-20 12:46:45,180.53
b4f6a452-aefb-436f-a67f-6e67751e049d,313,38,2025-08-25 12:37:01,138.9
7c1414a8-6c11-46e1-9952-5daa37627339,549,435,2024-12-10 08:45:38,181.66
bdd214f4-ccdb-4047-afec-6ca6bab92a44,73,346,2025-05-23 00:16:37,241.55
e3579af3-ff8e-482c-8c50-b9887ca2aefd,799,93,2024-11-09 09:38:23,474.89
20e48911-0e77-4231-824f-28749d45533b,226,145,2024-10-27 12:36:06,264.88
a778636b-3c89-4b00-8788-cb7dee83c35f,326,100,2025-02-23 11:08:22,238.92
13f34230-28d6-4cdb-8aa3-bb2e502d3bf2,806,22,2025-08-01 15:11:46,264.7
24348772-2c8a-476d-9924-28325b4cb257,320,262,2024-11-15 05:44:10,400.45
a954c714-be9f-432c-af15-7bdba9f74046,289,396,2025-02-16 12:54:25,465.89
db0ffa56-f6ab-47d2-8ed7-c664c6b83f49,623,210,2024-11-25 03:37:03,12.24
c31d8365-e1eb-4905-8117-93a7e230072a,573,484,2025-01-02 14:43:00,366.34
d1cedf79-eb60-4a11-abdd-1ab8a88e18a0,402,238,2025-06-13 01:14:51,401.64
903cb042-86f3-495f-96de-46801cfd30f0,939,98,2024-11-01 12:16:45,421.63
215aaaeb-e171-4bce-b66e-94eb03d6add6,549,6,2025-02-26 23:59:29,216.97
4bb6cb83-28a5-4371-84cc-f656f20da8be,204,288,2025-04-14 22:28:36,388.21
c29bb813-cec2-476d-b3af-08c8d4e5d007,857,194,2025-04-29 06:17:58,296.58
4fc043cd-f353-4f59-91bc-19a376ff527d,292,175,2025-01-21 03:59:27,63.67
2b77dc9a-2e21-49c4-a058-2150f3ed27d5,277,431,2024-11-26 04:55:00,435.5
345bf51b-a1df-479e-ba74-fb6104b1b1af,849,203,2025-07-04 17:04:28,97.14
3fd0741d-ee83-4747-b3b9-c2b510dc0685,347,267,2025-09-05 12:33:23,342.48
a6f5e331-38c9-4669-8a16-c03edd3c367f,33,414,2025-06-04 04:13:20,393.84
4f502b6b-2fe7-424b-88f7-a04a8d7ad05f,120,432,2025-06-26 17:10:05,316.39
ca9cc019-7aac-4ec6-84ae-999ad2de99a9,545,481,2025-08-09 19:12:44,485.57
98593e93-6e3a-4a6a-a37d-ca215e4e0955,831,295,2025-05-02 07:39:48,370.97
80a5fe13-cbab-4be5-b8e5-5d5d6ea3ce11,31,170,2024-11-10 06:57:40,298.7
517ced6a-239b-45f6-a959-543bdfc0bc94,39,448,2025-06-05 00:19:46,101.92
dda4b7f2-5f82-4e82-84c2-4c67fb4a2b75,708,339,2025-05-31 04:15:48,297.44
388df7ae-43e6-4f87-aead-3d2ae6de429f,248,182,2025-09-20 12:18:44,333.55
3e592bd2-59cc-4929-9369-fd6d84b7e6fd,352,180,2025-08-05 10:34:46,438.85
94d962f6-88f8-42d8-b720-4205c4cc6a14,462,288,2025-08-12 16:05:40,85.34
f46f4d79-392e-4b44-882d-b8739a5d39a9,781,386,2025-02-14 12:27:43,286.69
b68ff5cb-95c8-415b-bc09-f5875f75ab0b,379,120,2025-07-24 23:49:01,302.86
7d845b92-ad0d-4504-97fa-a1a7872417f5,334,252,2025-10-03 22:47:24,251.93
476dbd67-99a2-4164-b3b9-d93112034bd1,109,83,2024-12-15 13:44:10,253.61
40a772bd-1301-4667-bb75-2119b9c229cd,35,486,2025-04-25 18:07:57,313.56
b5c275a0-69d6-4826-8225-f573ef120380,23,473,2024-11-13 08:20:08,327.2
58daf1b0-01b2-4ac9-b6bd-8a349b76a8bd,495,196,2025-09-22 22:56:17,391.99
3320d727-44a3-47b1-8d0e-a34706ecf3f4,961,266,2025-03-22 01:16:02,246.02
787aa48d-90c9-4b37-8ef2-0c64c48501d6,738,420,2025-02-27 23:24:09,108.4
f4a709fa-ca55-4955-b856-2ac7404d0d8b,505,233,2025-07-02 13:28:47,385.66
97ca83c4-4ad7-430b-8d5d-6905949a9254,818,369,2025-03-15 15:15:05,335.59
469edb5f-574c-46e8-b1a9-c0594df051e0,593,230,2024-10-20 01:51:25,308.13
5e6ca665-3042-442b-b547-0418162c01cc,178,451,2025-05-12 14:56:53,431.5
f7a353cf-ea4d-4a21-abb0-41da47661781,277,350,2025-05-10 10:43:34,224.37
15cced24-c2aa-432b-90b9-6f296b410798,592,343,2024-12-03 05:25:16,220.46
cd9b7f71-cc5c-415d-a270-a5c429e7db00,539,18,2025-03-28 05:25:38,143.56
e1558bc3-e300-49d7-8c1e-203111ab3d91,372,147,2025-09-13 09:57:22,384.21
2933e4ab-fe61-40ae-abc8-142cdb4b2a61,467,324,2025-02-26 15:50:01,223.43
66ea07d2-b964-4733-a135-be32380ab1e8,117,477,2025-01-03 01:35:01,16.94
8a474784-4483-414c-aea5-d681777decd7,364,423,2024-12-20 21:26:53,272.75
d30b8194-454f-444a-9c7d-0989517abbb5,430,166,2024-10-23 23:41:57,55.86
ffba862e-222c-4c1e-bd27-0b8cf86aa837,740,56,2024-10-18 21:35:41,348.43
7b400ea9-cf48-4954-8653-5b761f9ac50e,40,306,2025-07-24 05:56:37,7.75
a4a8dd09-812d-45dd-8476-d82da13ca479,253,47,2025-02-05 17:00:50,479.09
084f751b-e0b6-4633-8458-51770f0db2a0,707,145,2025-08-15 11:53:58,156.92
b086e158-d225-4787-abb5-35d21585bd8a,841,6,2025-03-07 06:02:44,441.61
d7174a9c-e178-4c55-a078-b9eca971e6d1,408,313,2025-05-08 07:43:14,356.57
a0db80b2-06f2-43b4-8965-b2c866314998,254,103,2025-08-03 07:09:09,451.71
b7749efb-703b-4925-9bb0-cd5e8e8240d6,167,457,2025-08-09 02:16:59,276.96
c2a6f7af-fcc3-416e-bc9c-bb9b41a2e8ce,939,486,2025-03-29 07:08:01,272.46
06a3a276-3f44-4395-9534-4224fc03d805,460,255,2024-11-24 22:30:39,17.56
9a7b8a0b-5c33-4cdd-a4f9-ebfe5eec1b3f,471,406,2025-04-16 20:45:20,319.73
8438b615-7a4b-474f-86bb-4a0041e80276,427,304,2025-03-21 00:06:41,152.95
bcefb8f6-de4f-4738-968f-72a05293a743,221,382,2025-03-17 18:52:53,346.83
70234b2a-239e-4309-a9c2-6aaddf8902ed,137,363,2025-07-15 11:34:49,470.11
8a24a5da-ab00-41c5-9705-fdb1377a60b8,784,246,2025-06-14 04:29:00,345.73
e3477b02-495e-4322-a8fe-4686f9f99133,274,122,2025-05-21 13:39:26,225.56
9fd84812-39c0-4760-9613-f1fb53bd5dc4,966,217,2024-12-13 12:59:16,472.21
f933cb6e-4e6e-4e29-81a1-528be96d58f0,403,342,2025-08-03 04:23:35,161.7
2664a2c1-a838-49aa-b883-e281fce95a3a,110,360,2024-11-19 18:26:11,325.15
eb96f85c-3f50-463a-a309-2794517c92d5,457,448,2025-08-06 09:26:11,430.77
3a11e549-c629-47db-af42-df163d6d525b,729,443,2025-07-24 14:15:01,171.83
cb08aba4-7068-42e8-91bd-abaa9bf1dc4d,49,469,2025-03-29 15:47:30,288.83
e8f4d4ea-7ebe-4b9f-9989-a3644bbbf4b1,219,438,2025-09-11 03:58:39,110.61
63684f4c-ae06-4ed5-a937-353d2064d7ee,142,479,2025-01-03 02:57:21,102.26
337e20d0-2bc2-414b-9eef-83f6ba127a8b,460,226,2025-01-20 19:49:00,63.16
58d2a4f4-a8a4-44a7-af52-5466b301078c,546,449,2025-03-03 23:40:37,76.69
5fbfd2b5-0c81-4d4a-b8d1-e508469c95cd,228,171,2024-12-14 23:53:25,184.57
9e817fe6-d915-4878-a11e-15de3d404024,627,395,2024-11-24 10:54:43,465.39
f037ae63-ddcd-4f6c-abd2-ca3d4b52ff1c,52,410,2025-05-14 16:03:20,243.33
311d753a-400d-4bb6-8536-80874e595c05,616,279,2025-06-03 05:26:41,277.12
36bdc716-09cd-4848-961d-f87e84fd1b63,860,163,2025-06-25 18:37:02,57.16
acb93026-18f5-4e1b-91b3-61d1fc2539b8,584,328,2025-01-07 07:10:08,427.72
256a31ef-37a6-4c96-b633-b10bc4ff9786,174,21,2025-06-16 01:16:30,405.73
1ad60270-9187-4a7c-baac-a54bb0509651,530,83,2025-09-24 15:26:42,329.09
b976b27b-8f30-4efb-bfa7-68cac1e5548b,272,206,2025-10-12 07:03:32,227.38
27b47f66-b8fe-42f5-a725-3ea417aeb081,22,290,2025-09-29 08:16:28,128.15
37e38626-e9f2-4ec5-b584-ef8bf77631e5,446,459,2025-06-12 16:12:46,70.37
4c088465-a99b-4645-8de3-5d762808bee2,83,109,2025-06-25 11:08:15,443.55
7a9db286-d765-4482-bb46-8e2223b4154a,554,133,2024-12-25 09:52:38,364.08
3e779c62-fcb0-4483-baf2-ae6fc643b4cc,845,398,2025-02-10 20:29:38,264.01
981ac18e-967b-4f42-bbc5-0a88803c19b4,98,14,2025-05-08 05:29:46,153.78
5bcef9c2-9a6e-4898-8cfe-3ead32f8ee64,544,44,2024-11-09 12:00:11,492.46
6429b073-a0cd-44e3-9af8-b2319827df49,222,73,2025-07-07 14:20:10,141.29
5ed24257-e67a-4bce-9460-2065fcc14c1a,106,353,2025-04-21 06:51:08,51.23
a37d7eb4-3c97-4fe6-a382-c5d250e9eb76,58,9,2025-02-13 22:06:21,321.51
b88fb8a4-af20-45d8-92ab-e39d7e3c9b04,464,291,2024-12-25 18:21:15,380.52
878d0e3a-fa47-4441-b8b3-40901dabb67a,59,458,2024-11-04 09:48:34,44.55
338ae589-c103-4985-a026-d3d4a86f94b7,156,320,2025-01-06 23:10:58,404.24
5f6590a7-55c6-44f7-b27f-0541c7c7a378,962,171,2025-07-05 09:13:29,141.94
21389e91-6736-448c-9e2f-89aaab983b75,226,251,2025-05-07 00:22:02,393.05
a98589bd-175f-46f1-bafb-40596e902db5,739,194,2025-02-14 19:01:24,187.77
9b1e6df0-a718-40a4-948e-952028758541,294,40,2025-06-20 03:37:10,317.91
121815c5-0cc8-4efa-ba6f-197faa624b32,654,86,2024-12-12 06:15:02,66.18
cd5badab-7e03-4891-9ba1-8f2bf58f81ca,119,3,2025-09-01 06:47:27,391.98
724f9acf-ee07-498a-b6ae-099f268735b7,829,249,2025-07-01 04:29:16,386.34
5c859bef-7f4d-464c-8f79-7c47cd7b51be,418,355,2024-11-29 18:57:09,206.21
82b9b383-3920-4102-98ac-6f90f3d7b5b4,77,2,2025-01-18 15:21:15,303.02
a41bbf09-cfb1-4c29-99c7-804da0348bc2,691,339,2025-06-11 16:15:26,37.68
cb257742-2e74-4401-8adb-d8b23270d859,440,79,2024-10-17 19:00:26,216.73
2ea266a0-f5f6-4f61-b716-063a0915db95,841,345,2025-09-28 10:42:23,409.1
4083d564-1d74-492e-a88d-b4f039301120,875,90,2025-09-16 20:38:15,457.95
59c1167a-9541-4ccc-9ac6-173558ae5982,593,313,2025-02-07 09:45:54,174.44
27be322a-4f77-4a5a-a667-8a1d08b30c06,311,335,2024-12-02 13:18:22,171.54
4f0bc252-cae6-499f-af2a-0dbe246375b3,402,450,2025-03-29 05:23:43,351.58
1974a30a-caa8-42bb-8f0d-82273c6c26ab,454,478,2025-03-30 17:21:15,451.25
c195ae7d-b740-4ff7-b3f1-2c39a235d0fb,892,410,2025-10-02 15:19:58,145.93
7fc105a2-76c1-4f58-b925-44067b74e00a,335,277,2025-04-04 02:00:47,346.62
df2d88d5-7e49-4f91-a376-6c1ffb86c7d3,969,378,2025-01-12 17:00:20,110.85
015cbd5c-ae8b-494a-8142-39be57986022,211,12,2025-04-17 15:27:42,40.91
bbc721aa-b6bf-4767-be9d-a4ef3e555f22,531,223,2025-02-10 16:25:05,104.07
2f38c8b1-ac41-46f4-b6a8-f469718a2fd2,11,4,2025-02-19 10:27:53,200.03
28cb4f1f-6033-42a3-af9b-ca369b82632f,995,281,2024-12-17 13:17:38,482.39
9fc8da8a-925f-493f-b251-1fc78615c8dd,26,191,2025-02-20 13:05:42,147.02
62d3b8f7-7e0e-42ca-88c2-6e7029339e85,135,166,2025-01-10 11:53:10,294.82
28e17eb6-c271-4da3-91ac-719aa1fa0632,582,275,2025-01-04 21:22:23,385.24
377f8c2b-08ac-46eb-8852-2b1123935410,551,2,2024-12-27 02:30:52,220.1
c07048ef-03bf-49ce-8985-1bfe883d4194,859,66,2025-08-24 22:59:19,103.28
f2ff9e03-b7ce-4b5c-aff1-c462d5a33a31,777,114,2025-07-06 12:52:40,15.88
223b9e2d-1d7c-4915-a37f-29ef3162e434,544,317,2025-04-03 00:56:38,449.56
9f9f36e4-2b8e-4bbe-ab4d-e471922737b1,855,441,2025-06-22 16:40:45,434.11
980329ff-5d11-4450-9665-829469851431,893,54,2025-02-20 12:07:34,122.77
367d7ee1-69d4-4dc1-ae39-110dbe65778a,124,399,2025-10-07 09:56:10,47.89
c606a8d9-4e9d-4faf-89f9-ff52f871ece1,137,112,2025-08-02 05:30:43,88.83
47c39510-9cfc-4121-bb6e-95b0cd790f16,767,388,2024-12-19 03:13:10,124.37
60e02891-64b8-4574-aafe-cd47d3b228f2,2,288,2025-08-07 06:12:40,116.68
a42884e7-e313-4579-bd10-c8f07656b362,177,129,2025-02-19 21:56:05,351.31
08cc63cb-e113-4f3b-a7bd-eadbdc08d4fc,193,186,2025-09-04 23:50:00,347.25
cb225cb0-0613-4e94-96f7-7c2e8411f1b6,379,493,2024-12-15 18:20:13,171.32
5ead8b51-ff81-4afe-8ce8-9f33d6eb50e1,266,474,2025-05-20 05:41:54,465.78
de898ba8-42c2-4fca-bf8f-b07506889611,20,156,2025-02-21 11:27:10,61.98
5cb37d45-2f54-4b13-9616-eefb44d34269,463,19,2025-02-23 11:07:17,107.42
5b1a9a43-06bc-49b7-b5ee-4efe9f35d0d0,461,174,2025-07-15 23:03:52,230.14
d09521bf-70f5-4637-b5c6-f0101cd502a5,633,50,2025-04-08 16:43:51,158.48
7ed4fdec-ba74-495a-a1fb-873786a3a5ed,717,71,2025-10-11 12:52:25,448.42
d7fdca1e-9b72-4482-94f9-d98fadd20555,183,257,2025-08-26 18:47:12,455.33
724d833d-0958-49c5-b2be-2df06c714993,531,210,2024-11-24 04:34:21,94.54
ecb6b6ce-0979-4b48-a68e-2e9ee0313545,699,345,2024-11-15 12:46:02,79.69
e6ad27d6-cd34-4fe5-8061-eabf0a7d83c0,587,248,2025-07-13 21:00:46,12.97
0bb76fa5-18fc-4d0e-936a-3a456c460c35,746,449,2025-10-08 21:39:35,415.32
9aee1dc0-2f94-4705-b759-f8b0b1e1acd2,661,64,2024-12-01 05:49:52,482.17
f84ec356-48a0-4a31-9b1c-0f284793cf98,548,238,2024-10-24 08:50:25,65.3
261096b8-bef8-410a-897c-6bfae8b28f61,216,323,2025-06-16 23:18:01,43.95
421e4714-f2da-40dc-8dee-34b29c58cf5d,25,223,2025-06-26 21:59:11,317.0
2a2994d5-242d-4880-9fc5-42ebe2bf6cc3,622,87,2025-07-19 18:52:32,97.29
60dbca94-0991-43c0-8ca7-74c766e40a02,153,164,2025-03-07 10:44:10,13.45
aee841eb-0c20-4482-abf7-2672993b8d2e,98,438,2025-09-01 21:45:34,317.69
f1297d74-820f-47c8-9a7c-c7f6d752016d,377,369,2025-06-21 12:48:56,39.38
3217c692-f608-47c2-95b8-ab97ead3af67,105,391,2024-12-20 20:58:00,477.96
44323a14-9551-4d6d-a25a-d68b01c066e4,582,298,2024-12-07 23:00:35,40.03
3858bf0c-4023-4993-a371-4629b5410b66,915,433,2025-08-15 03:36:10,33.63
4856b68d-9250-4e24-8351-9cb8655d857d,166,366,2025-07-11 16:38:25,73.63
6bc8d57f-3f34-4290-ab6d-ad8f76ce2819,770,351,2024-11-22 13:56:40,34.14
1b1718d5-1b71-4d6a-850d-8fcac96dacb0,776,188,2025-07-30 05:11:07,280.86
5d5b3e9d-bb28-465f-bb5b-f47433814e91,787,128,2024-12-17 13:14:23,346.57
667d6f0a-f1b9-4f8c-95b8-18029d9267e0,343,443,2024-11-30 22:31:20,417.8
b92d1fc6-b340-4963-ac78-a43ff1027fb5,931,355,2025-02-24 06:08:52,425.37
243cdc8a-76ea-42e9-af90-7d0cf80d9c09,244,69,2025-09-29 17:54:32,305.48
d928355b-30a7-4631-b66a-1809ebac29c6,156,220,2025-05-20 15:45:58,109.68
9d67c084-a3fa-461e-a3ba-c4996e5f6e7b,804,184,2024-12-27 17:24:02,46.72
e4c1287a-5946-427c-aad7-fd4fe290fdbf,960,238,2024-11-20 21:37:40,60.04
8505ff58-6b29-4f1b-8982-b929959c16d7,191,213,2025-08-04 22:54:50,284.12
5e6b1afa-2f1f-4934-87fe-2d1928863ea3,909,309,2024-11-17 16:52:22,46.43
7ab50051-f18c-443f-9127-d6ff21fa3dbf,898,157,2024-11-17 16:10:28,499.85
fb1bade4-f12f-4ad2-ae97-dec54d64948b,814,390,2025-09-24 02:25:38,227.42
f680036f-e2b4-419d-b820-5fb5f4c08237,224,225,2025-02-26 16:30:50,350.52
782233d5-5db7-4e1b-adc9-931a04a2eb51,55,109,2025-03-16 07:31:08,366.89
cf91e0c9-7c4f-4d06-a6c7-b17ce1270bd5,422,282,2025-06-04 03:56:01,165.84
f1aa2690-b8c9-4b6e-8635-9a134000631a,566,12,2025-04-29 13:15:58,352.29
608ed02d-3b55-46b6-a0a4-aa185487e786,195,423,2024-12-13 05:32:59,122.05
7b992fd1-938c-48f2-ad87-a2717661cb88,603,223,2025-05-11 09:04:13,19.92
54b29a52-457d-4052-8804-91613c64b0c1,80,295,2025-01-01 05:15:15,82.52
71a2a8ec-b097-49d7-805b-688c9cef00e9,934,27,2025-06-18 17:26:56,355.64
433053a0-20d8-4d6b-beee-4a63186d4b92,4,64,2025-05-17 09:53:39,229.63
44ac1f9f-ca80-4a5a-84fa-82181e8314ac,418,11,2025-01-15 19:56:51,136.89
2322faae-7265-4342-8191-01481d72db36,514,157,2024-12-22 09:34:47,337.02
c0bca50f-93dc-4609-b6e2-54d70d2207cf,473,490,2025-08-31 01:05:14,181.23
9ce3df55-9268-4dde-a5ef-25e337ce070b,200,357,2025-07-28 15:21:20,239.99
244aa4df-19cb-4271-a426-7b291022f188,163,183,2025-05-19 01:35:21,462.94
2c3f37b4-2d65-4487-8846-b8e50234a043,845,358,2025-09-24 23:01:52,491.69
d0cd90df-04ff-4529-97e2-6cdceaf8cc1c,936,228,2024-11-14 04:07:17,357.43
4c19afd7-9a71-477b-9dc0-1ce27d916c51,302,2,2025-08-31 06:22:48,167.33
7ee9ae70-bc5b-4f28-a7c3-21870d53bf9f,245,383,2025-07-10 12:51:41,65.66
5a9ca52f-f3b2-4306-89d2-a9289c44b81a,260,263,2025-01-15 15:23:55,333.29
fad7fbd1-d62f-436d-9f5c-38a6d87456ae,340,407,2025-09-01 11:32:56,284.83
4ceab6a8-f864-43aa-ad12-be4eddf7dc6b,372,55,2025-04-12 06:13:18,203.89
cd412f8f-fb41-414e-9643-828b9917a70c,481,5,2025-06-30 23:24:39,152.76
bcc121c1-f788-49b4-9452-ea7dd5288a49,157,356,2025-02-28 04:36:25,192.61
5ce56866-9408-4b00-bd24-03a529eb80c8,432,127,2024-10-23 12:24:18,399.83
d7784f4a-26c3-43a4-b368-f9909656212f,627,291,2025-04-05 17:48:19,485.68
917bc9ec-161b-4fab-a89b-5cc7f1b1c8a3,986,318,2025-03-04 13:36:50,422.65
46650d66-2134-4a24-b081-81bb33bce0e8,537,134,2025-06-13 01:42:10,494.88
e7d522aa-962e-4f3a-954c-95895d0e8bd9,406,434,2025-03-05 23:40:51,155.57
030f7eb5-b1bd-4591-ba8e-87e4ee532f4f,586,283,2025-05-12 10:08:05,59.8
848dde62-2e5a-4fab-ba77-2dea37fd2738,300,56,2025-08-05 13:54:38,89.21
5de4d93d-c8ae-45ef-9afb-ffadf2019889,673,477,2025-01-04 18:09:51,383.09
fa048d16-6462-4fe5-a311-216df96424d9,164,202,2025-06-14 00:58:23,406.06
40485e0f-f11f-4dff-a43b-53ebd0f330b9,229,254,2025-01-26 08:08:28,49.16
06c48cfd-6f63-49b6-a77e-bc987528fe30,189,352,2025-04-24 09:15:00,422.06
ec8118b8-eba1-4ae2-8dd3-97d819df61bd,260,224,2025-03-05 04:29:40,386.23
c7fc8671-d776-48c7-b5af-7e620a96d70f,931,422,2025-01-11 06:28:50,384.26
3f8afd29-001d-426b-ab70-751b70cc8202,603,462,2025-02-17 15:22:17,453.66
10ea79c4-3f7b-48eb-9ad3-f2e6f6d8256b,643,487,2025-01-05 09:17:44,437.1
77e40831-1e1c-4cdd-b0a7-c9058534f94a,821,496,2025-09-25 21:15:36,242.54
aacace8d-a7a7-4da6-b167-bb723471e87c,405,458,2025-04-02 20:59:43,219.52
39d1536f-c43c-40de-8477-b39149a8770b,127,487,2025-10-04 19:46:25,16.91
19a550e7-bb59-44c6-80c4-b86bf31853be,365,454,2025-04-29 11:00:27,249.66
38fadc7a-223a-44c8-b37f-bb760244f22c,408,383,2024-10-20 13:21:35,65.78
09a433b9-a94b-4936-a54a-b08ce2625cff,964,223,2025-07-06 11:16:00,5.2
3ed970c7-0681-4550-9140-4ffe2f96280b,864,338,2025-02-17 13:52:52,52.76
45d14965-fd56-427a-ab56-878325d27a22,11,291,2025-03-06 22:40:47,259.88
d4b483d5-7972-48d8-961d-0fdbb20e41a8,257,241,2025-01-21 22:14:08,435.41
3b5229a8-00d1-4b66-9b21-dc9aba93bdf0,665,358,2025-03-18 18:38:07,46.5
c6609a43-2f32-4785-a2c8-dd509e0fe94c,238,185,2025-07-11 10:37:54,270.16
7726e2cb-20f7-480b-b474-aee8fb43dc58,547,370,2025-07-28 00:25:47,336.94
50f0c0f9-2cfd-4f78-a065-93123b98e946,503,200,2025-05-29 13:10:36,258.99
847325d6-adb1-4580-8d53-f872d4ccc437,23,432,2025-02-22 20:48:08,316.36
e17314be-a3fd-45e6-a952-ba53db1a5131,434,165,2025-02-03 13:32:54,35.83
d31b98fe-1471-47ac-bd2d-b8204ffaaf29,296,412,2025-05-31 16:15:23,225.57
7573b01d-47f2-4218-a90e-da746889583f,996,403,2025-02-10 06:27:25,377.7
e67e519a-6e9d-438c-a5e5-dc7d79b5a0ca,585,345,2025-07-24 08:41:40,488.66
c4a23b08-ab10-413d-aa4e-97c315c1cb3e,386,396,2025-07-18 10:12:17,259.23
6d2bba74-c229-4672-b61d-6b5895dd26fa,181,1,2025-03-27 23:23:07,32.13
ccd85f2c-70b6-4368-a53a-dfe42a504123,961,10,2025-07-31 07:10:22,475.65
fcceb7a7-b2c4-451e-b6ae-847852132838,712,179,2025-05-05 14:34:44,367.37
e80cd642-03bb-4268-976d-5d970b16b589,842,20,2025-09-19 00:20:49,158.41
16b040ad-73d7-4ba5-901b-3245c1f7755e,830,277,2025-05-01 13:03:16,283.48
2306dfd7-f1b7-4fc6-902d-def522e63021,857,364,2025-02-21 03:38:19,286.36
d13de744-6303-4d45-a52f-b4d6bab4525d,692,335,2024-12-11 01:00:14,238.58
bac885b5-fe78-4c1c-8228-90c4b89552ec,882,40,2025-05-31 12:33:30,483.86
e4fd38bb-f71c-4a50-a8ce-68a349cc761a,409,179,2025-02-01 06:10:43,443.01
1966080d-f138-4426-9b24-2e0a9ee9b178,226,215,2025-09-16 09:04:20,320.59
d1c82f95-df96-4afd-95f5-0a3832612ce8,954,271,2025-06-26 00:41:46,231.15
7c8e2a65-c6c9-4310-9661-6a783113a8c4,279,387,2025-08-25 18:34:37,141.8
45399ce6-a88c-4976-9a3d-fa735a2fd676,432,373,2024-12-31 21:04:31,264.39
e18a4492-2db4-43ff-8af5-27a52035023e,550,349,2025-06-30 18:08:25,172.9
a0ba588a-3419-48b5-b1da-54d4ff9d1a4c,256,148,2025-04-30 07:53:18,440.13
716492bb-eaeb-4022-8c3e-610a7ba0ff4c,928,240,2025-06-06 03:00:19,289.29
953a4f4a-3c43-4aa8-8239-d47c2acfac8f,238,365,2024-12-14 10:16:34,489.72
b071dd65-177b-4b46-b31a-78bc001de9ad,830,489,2025-03-10 08:11:06,97.77
5f000db0-3584-4be4-a52d-9cec06591612,409,235,2024-11-24 19:22:02,27.3
ac93b55a-e182-41f4-8487-baa631b74f68,505,452,2025-06-27 12:31:27,258.35
966f020f-f62a-4315-9cbe-cbd5fc39fec2,392,343,2025-02-17 17:13:17,400.6
2781bd46-9a1f-46c9-88ce-41424481603f,81,196,2025-06-05 17:28:38,453.21
fa292885-44fe-4501-af83-60355e2c5d59,578,106,2025-03-03 10:30:40,184.79
94d55334-0d03-47a7-985f-c890a908cf0f,583,491,2025-08-30 04:22:08,399.12
85d49c6b-a38a-470b-8663-32ec8c31fdc1,980,444,2025-01-20 13:50:56,352.97
500eac78-88ad-4d97-a2c4-153022dce05b,621,48,2025-01-04 13:03:48,285.2
8dd78a43-1cbc-440d-8de7-facfbeecc9f1,107,355,2025-09-09 23:32:36,206.41
9383573a-29bc-4d61-93ba-3c92baf645f6,910,443,2024-11-02 21:15:05,224.81
cedb7d4b-12dc-433a-8377-00262f9a523d,14,93,2025-01-11 23:48:38,245.2
32792948-aaf0-45d4-8b52-e1bacb634091,276,272,2024-11-15 03:32:46,290.13
7e3a13ca-f241-4d17-b0a5-7f9c3e885bb7,446,130,2025-09-22 11:03:07,233.43
fd145490-6492-4abe-bcac-0f3c8fa54b68,236,204,2025-08-26 11:34:36,320.8
2c016c4e-d6a6-483d-b200-9c9f54a62784,392,320,2025-05-08 13:40:06,206.36
b5c3d7d9-561b-4ca3-b0f7-ed7bd8c02cea,923,133,2025-07-18 06:09:06,446.08
15d6f499-cc29-4435-b08d-5d4252efece9,661,390,2024-12-28 10:52:47,353.13
c33bfb66-03f3-4cda-9c31-a3b3de98b5ee,224,461,2025-05-04 18:32:02,292.67
a319b91a-65ef-407a-9dbb-69d27b153894,559,451,2025-09-24 19:31:01,431.8
f19f7dfe-c515-4d7e-9af8-6654e8041f89,633,189,2025-04-06 17:38:51,82.06
29903bcf-38f1-4b4a-b20d-c1e4f9f01dea,97,387,2025-08-30 13:29:56,314.37
37d5d3be-dfcd-4ca5-909e-4573dca1ffd0,749,244,2025-07-08 13:08:22,367.75
3a8a9f22-6e75-4ddc-89bf-ad3998a75ee3,365,266,2025-08-07 16:05:02,95.36
36445473-2e72-4a90-b3a4-a79b1e4c6fe3,998,424,2024-12-21 16:11:32,69.63
6d18335b-dd08-4077-b7f0-334516832875,184,155,2025-02-19 08:57:33,131.89
fc60627b-65c7-4d59-859d-d51e622c5754,373,107,2025-02-08 16:39:20,97.67
dc6d157c-0caf-4417-8af8-152b2e9bc0fc,427,448,2025-06-07 02:16:53,17.21
bdf3d539-c558-4f92-98d2-c97287876bdf,551,434,2024-10-31 04:56:36,112.96
0047add7-4353-48b8-9da5-b4bd88a86d43,542,240,2025-04-01 11:54:37,68.11
e85646f3-1040-412f-87ab-6c8ef87eebc1,41,112,2025-08-09 09:55:09,380.22
2b93c62e-8236-4d7c-981d-4a909798830c,45,122,2025-04-25 19:43:47,79.69
08b0c4ae-4d8d-42d4-afd4-1ed2a7d8c272,278,130,2025-02-28 17:13:56,161.29
7d437063-508f-4a9a-ae1c-42f8a9cc4728,496,205,2025-01-25 00:00:21,462.48
7825c8ab-b40c-4c39-bf1e-6a8bc45806a0,40,202,2024-12-29 22:28:30,156.49
1ef43059-c424-4e55-96f6-6fde8cfde34a,313,461,2024-12-26 21:34:58,315.07
b9e8ecf6-060c-4163-97c7-dfd6af8c1d5b,288,116,2025-03-26 17:07:05,319.69
7992c909-fffb-4128-ab8e-6f17b0f618c1,477,64,2025-09-08 23:06:54,37.84
34e9e680-b008-4865-a4ec-8c2c670c318d,697,276,2025-01-21 14:04:00,121.79
aaa1b14b-f5d2-452c-9d40-543f05d590a8,976,254,2025-10-10 21:41:47,435.03
24a90b3b-bf82-40e4-8e89-48f1ed45faf5,103,333,2024-11-11 06:41:43,291.54
de0b05d5-ece3-4215-8ac6-d9dd9fe849f9,32,182,2025-02-09 14:39:31,284.29
1e103993-f9fc-459f-9531-19f5633338ec,376,48,2024-10-23 22:19:48,308.67
d4c91190-6321-420a-99f5-d958d9fee044,216,322,2025-07-06 22:40:38,348.36
21dcc19c-4ff4-438c-a99b-9f2af622986a,876,16,2025-03-11 19:10:30,224.77
c4a98d9b-2de6-4baa-b4ea-728461bbff0c,157,38,2025-03-31 23:04:55,279.81
c72c39d3-a2fd-4ee0-a218-ef96eb310bd8,269,209,2025-09-07 23:04:10,458.53
77800f15-c95b-43dc-8841-b5a954594245,952,393,2025-08-13 19:08:36,250.88
99e40ba4-831c-4104-a478-d34165d0e8c2,244,354,2025-03-03 17:36:30,249.45
98f74dbc-ff22-44ee-9c8a-a57def809459,315,242,2025-05-26 00:25:49,286.56
52932337-022c-4d91-8c87-215fd8f909e9,908,322,2025-09-04 15:41:55,429.36
517c9f4b-9bbe-4e65-9a15-8e0eb9257ac2,110,157,2024-12-27 21:44:50,187.77
8a4a35f0-4b3a-48c0-bad3-87584a93086c,176,125,2024-11-25 13:26:36,388.9
08a9cae7-2885-4899-9245-09a953ef986e,497,479,2025-06-12 10:27:08,363.53
0b78f805-2b02-4cf8-8a6a-096b56af4bfb,804,460,2025-02-05 20:50:34,408.4
a4a006e1-8ade-4a9e-8eb8-bc78b99bdebe,406,455,2025-07-28 13:45:19,149.82
f19d2bb3-f752-4570-92bb-787d9df73164,897,327,2025-08-09 23:04:56,387.23
ad8b7f47-9985-4cff-9b6d-a64c7881b938,348,59,2025-08-09 11:36:00,222.06
7c1cb5eb-d5d0-4db5-8546-1f9ec560f390,759,203,2024-11-29 19:56:18,222.36
10613349-7354-43e3-b3aa-097057816f74,254,14,2025-04-21 16:31:31,161.16
57431955-0e34-4d9c-87aa-bb29da036bf3,962,381,2025-09-22 09:27:55,51.53
f8232783-023d-4ec8-95e0-46e3f2b30e51,731,277,2025-07-09 06:18:20,449.17
b8b39371-bfec-4884-913e-b05dd28827a2,128,332,2025-06-10 05:36:54,356.4
706d046d-2e2a-4095-bdc8-b8cba3342c88,768,23,2025-01-09 08:04:47,216.66
7c04eb75-08a6-4079-857b-ce8222fbbe7a,155,458,2025-02-28 17:19:22,498.62
4b1ab598-dc28-4e15-a15d-a2e1336a3560,673,327,2025-04-16 01:19:10,361.56
130ed73c-5dc8-4cab-be65-dc0243899bf3,915,258,2025-09-14 09:02:11,56.77
6ae24953-96f4-447f-bb38-5b28f60091a1,202,42,2025-07-18 17:33:54,455.02
b6661f3b-e95e-4f7c-b1b2-d7a6e563b85c,239,164,2025-01-19 15:12:51,62.89
5c77f74e-b44d-4820-a2cb-cc36dedc0824,185,128,2024-12-15 01:10:07,309.52
d55126f1-dfac-4baf-a227-d371d3827ef7,550,1,2025-08-15 09:33:12,304.31
2ece65ad-1aae-4eb9-9c58-d6bc77d3d1e6,423,66,2025-04-09 10:40:17,117.73
ac27438b-91e6-4242-9691-07f127d44477,984,286,2025-09-03 21:25:18,458.54
0800b3b8-39d4-482c-99cc-087ed853bdf5,19,487,2025-06-01 03:15:58,364.65
50fe1adb-130b-42ae-9ed7-d71869ff8357,622,459,2025-09-12 08:25:08,222.75
42d765cf-e637-4c10-8801-c3d0b6286cf0,19,121,2025-02-08 10:17:25,243.73
188c6115-76a4-4826-a025-a9bcc2b04541,125,222,2025-08-28 14:38:43,359.38
33620bcb-b2b4-43ec-a993-d85b9fc80dc1,447,217,2025-07-29 09:28:56,7.9
cca47eb9-c041-41f6-9078-995cf61c01e1,251,274,2025-06-08 11:14:47,44.22
c366ae1d-4d34-4b61-b474-db8526fe1798,928,380,2024-11-03 14:34:00,62.38
99345e09-8717-46dc-b4c7-ce73468aa9d5,798,63,2025-07-15 23:29:23,75.26
77e59bff-7cad-4cde-866e-54f37114faff,861,165,2024-11-19 10:33:39,467.78
aad1bf9c-753e-4c8a-832f-d225d1eb2c98,803,10,2025-03-26 23:25:00,111.82
06176b84-9634-44dc-9a18-1dc2a5b85881,575,300,2025-04-12 14:57:27,467.29
487f5712-5b25-484f-98c0-3659ee8c8c40,945,274,2025-07-12 04:27:31,469.16
166f63f1-0216-4029-bdb4-f4f75b658931,292,62,2025-06-13 19:03:47,45.1
5e19500f-7d92-40f5-8995-3cbc42e7c226,247,165,2025-09-04 14:12:22,228.14
8a59b5f1-8524-47c3-b3c9-001de0be0fb4,490,477,2025-10-08 20:03:55,209.32
00327a67-99c9-44b5-8ffc-f705daabc730,824,251,2025-04-27 15:26:38,360.16
ca8d3714-8d08-43a0-a9ba-f7fb250e9d38,168,273,2025-09-29 09:31:50,417.02
4ad43f0d-b0ad-4612-b1fc-615febbd9a89,380,414,2025-05-27 12:53:05,434.29
671ae3a7-86a4-4278-9cd3-400de4f2d19e,858,48,2024-12-29 03:07:50,190.58
1d418713-aa77-4d24-b7e4-8ffb5c8fffbb,553,303,2025-02-18 09:18:37,294.05
2ba623c5-5749-40df-9817-7bee395bada1,68,169,2025-02-01 18:52:42,382.86
951b5bac-536e-43d4-8020-8b98cf4f3313,900,261,2025-07-25 08:58:06,280.35
80fd2b88-d198-4703-a356-e193bc833433,359,337,2025-06-15 00:22:50,496.04
070f6667-3f00-43dd-a9f6-82bd4b965945,506,97,2024-10-27 13:33:30,224.96
2a2edcd2-3d2d-4833-8a10-d76caad40a07,627,147,2025-05-27 14:25:21,137.88
63201be5-4d1e-40c6-9c37-f87abe611278,221,445,2025-05-13 08:52:30,433.92
5048335c-5d7e-4640-9a98-111485c4a49a,50,302,2024-11-24 22:28:55,225.68
4c748329-a9d4-498b-aec9-54b37588bc78,924,59,2025-08-23 01:11:14,113.86
69009b5a-9fbe-4e7d-a5aa-10fd1101c465,15,150,2025-02-04 10:53:41,456.51
a3ab2b59-d0b5-47f5-aad3-3529d9917480,143,32,2025-10-10 04:35:21,123.49
37a85e84-33f2-4be6-8956-97bdd161766a,717,260,2025-09-21 00:47:46,261.43
3135ad1c-7c0f-4b81-a68d-a81ba1af90fd,634,39,2025-01-14 05:30:39,353.45
05273842-2232-483b-9ecc-5fe8e239b299,644,261,2025-08-09 15:36:30,303.89
e22ff11a-fba7-4946-bcb4-d91028e81ec6,126,211,2025-10-10 16:27:54,348.23
7b1d33db-094f-4cec-a518-2ebf662e3056,217,449,2025-07-04 12:17:29,46.66
55681d8c-164f-4860-b92a-891c5ec386d1,551,340,2025-03-02 03:52:34,420.16
3fc540b1-4943-481f-a8bd-0195b26056be,56,188,2025-09-28 20:14:44,286.48
e9e989e9-89f5-4f0b-ba94-a637180330ca,709,421,2025-07-27 01:12:09,315.07
cd4d5ea0-3b45-44e2-948f-4485f1b4dfc3,172,442,2025-06-28 13:12:17,377.8
490d62dd-f81e-490e-8c2f-8a9e57c56eb7,382,310,2025-06-23 19:24:45,41.19
701db837-97e2-494a-bba4-fb7b413748bf,378,176,2025-02-17 12:39:54,476.41
042e36b2-8127-4d97-8191-f53a7f87e198,657,307,2025-03-14 12:55:36,245.44
822af107-e0e6-4fdd-9d22-c0e0ff8f5a64,687,178,2025-01-03 06:57:28,475.36
e37329ae-e920-4ca1-975b-f8d035284f6b,413,155,2025-05-23 12:11:49,211.71
c4ec3ef8-c8a1-4094-bb6c-6b230c6bbbb9,995,232,2024-10-14 02:30:09,342.56
dd915649-90db-4d7d-9ea4-6f83a4d2d281,556,202,2025-05-12 03:14:56,367.34
175cd2d6-7d7a-4940-8082-040f7ba58ff2,44,384,2025-09-01 01:55:08,174.71
96fea05c-8613-4801-bd23-d24ddc7f0368,10,134,2025-05-26 15:30:25,59.33
8751b76d-9abf-4381-af6c-1cc9a473748a,535,192,2025-08-18 12:22:59,492.51
7dfe783c-1ed6-46f6-b4bf-1e783d86ba4a,848,483,2024-12-01 20:14:12,179.46
33c91d36-e0e7-423f-b8a2-cbb78459cbe0,227,362,2025-06-01 03:13:14,82.72
30b98ce9-8e43-4067-84d8-e56fca94760b,767,50,2025-04-27 13:49:40,275.28
9ca3d237-b9b9-4153-8075-2c74edb3a3d2,613,26,2025-06-19 06:04:51,409.67
8cd1baa1-f8e7-42fc-b7ec-d3decef970f8,29,238,2024-10-17 05:08:33,323.44
a507658f-1ac7-45e6-a6dc-819cd4c0f9fe,65,162,2025-09-08 01:25:20,97.35
68a9ddd2-b297-4cf7-8d53-c9a240f51d3e,773,412,2025-05-04 19:59:53,224.7
7c31492b-8244-439c-8ef6-05f5271f3528,281,153,2025-04-20 21:07:51,322.17
fc57da31-65eb-4070-abda-9c648b38d880,669,31,2025-06-15 03:28:15,134.34
01a5d624-0ff0-4949-a9c6-a6bf3a923483,434,207,2024-12-03 21:49:41,88.36
b5ddca7b-36f7-44d2-816f-bbb4719e463d,306,306,2024-12-04 18:38:20,425.61
869fe4e9-4128-4f2b-9a22-06f1cf15a1a5,451,26,2025-09-17 09:57:01,376.64
6c53b621-e45b-4c79-add6-c1b517412a44,160,41,2025-08-13 17:06:28,118.79
4097858c-85fe-4f45-be3a-8f49cf798e2f,749,496,2024-12-15 03:58:44,169.17
6c5d43a2-894a-4197-8b35-efd9ca26efcc,770,3,2025-03-22 12:39:20,229.21
cd07fa50-6cb8-4205-a9da-36108d80948c,297,453,2025-02-09 17:15:20,414.74
39653d22-18d4-43e0-b0db-7c4c13ae66bd,500,192,2024-12-09 00:13:15,129.15
3539def2-74a8-4394-b1f2-c37836712433,4,171,2025-07-25 02:33:47,309.36
4ace21c9-9e24-4c6b-8560-79eeef4bac30,241,424,2025-02-16 11:58:43,47.77
0117fc98-cf0e-4127-b264-f5aa6ce92295,980,95,2025-02-22 01:21:53,171.66
74536b81-297e-4b60-822e-515d8582f6e9,879,351,2025-07-19 03:01:46,20.23
270221ce-8862-4153-85e6-63ca2b0f85b3,921,466,2025-08-04 14:05:15,321.12
0059ba6d-754b-4f64-9968-c507d67f56c5,297,286,2025-02-08 11:50:12,25.1
6b32ba20-0577-42d4-92a2-8c951547306c,333,164,2024-12-19 05:56:51,115.68
8cc36aaa-6a84-4389-805d-da4eb0ad248c,924,448,2024-11-26 00:10:22,277.54
2d984f51-234a-461e-a106-00012a7a1502,580,251,2025-03-21 18:41:19,126.24
d3b80151-fffb-4c0b-a590-e93a1b22c3eb,808,389,2024-11-09 09:38:25,473.3
6e9e3a73-e76c-4a36-a0c5-c9607c0fbeec,216,250,2025-10-07 20:47:07,463.09
ac8f19c2-c7bc-4694-a63f-6a7358344656,932,196,2025-03-27 08:23:57,347.73
80548b99-a2fa-475d-b0e8-c2c7dbdc3657,125,359,2025-01-19 21:13:16,113.89
1e05bac6-6342-4a8f-95d5-1997f1486f1f,765,226,2024-11-23 15:08:54,294.9
77cf4079-9edf-44b6-b917-281884155101,33,282,2024-11-05 04:58:44,343.79
ce863386-bb84-4b9d-be5d-0d6c647fc470,970,249,2024-11-07 11:06:24,87.34
769fd3f6-52f9-4ac4-8498-ecd88d3b4f82,532,458,2025-03-15 01:10:47,244.08
fea3b7b4-d888-4404-8aa7-94a5168f4468,172,70,2025-10-01 06:36:08,158.6
33d80ec1-7174-4dab-94cb-44566999ed4d,71,42,2025-04-02 15:07:16,111.49
0fb2d4b9-fccf-437d-b395-b24b49794d87,70,204,2025-03-27 10:02:55,320.41
0b988272-fbbf-40ae-bbf1-706b17b88d90,178,113,2025-09-14 21:52:55,264.77
a74b3684-b258-4faf-b4a8-6aa53e998473,484,113,2025-06-14 02:22:47,99.58
e216b9b8-b9ba-49dc-8eb2-0fcdc59cdc20,257,191,2025-02-06 04:46:56,428.38
5a9bce73-e60c-479c-bbd7-c5c94eb7b160,832,408,2025-09-16 06:50:48,469.91
5089ac82-3885-4b18-824e-7da8db55d3ba,540,439,2025-06-22 17:38:02,486.71
58ee3f66-41e4-470d-8a5c-ca7fb281f360,691,100,2025-01-31 14:12:16,199.13
2ffb1f7f-ee45-43b9-b172-43c51cae9cdd,249,34,2025-06-07 07:34:09,95.36
1bd6b389-202f-4fac-bf97-3c56a61f1832,239,498,2025-01-05 11:14:36,342.76
5ccd18dd-5441-4001-b70c-3d5b2747f36c,265,241,2025-01-21 11:38:30,499.67
4c4bb3cc-82da-41f6-8e39-9af22894b69b,788,418,2025-04-24 09:32:00,318.8
02544d3e-3780-4336-a38b-ae10bce865d5,105,376,2025-01-16 05:40:01,491.98
684b58cb-2d1d-4b2c-ad43-0a92e4094b3d,665,130,2025-02-02 18:58:35,234.71
75901779-ea38-4ddb-805f-8e244a5927e8,110,92,2025-05-01 09:31:55,306.0
e3378d74-a95c-49c1-856e-7adc3d4aaf18,815,212,2025-05-14 03:17:10,155.93
f7554de7-c1b6-4821-aa3a-124c9e92b40d,43,29,2025-08-20 10:26:03,247.53
6173560c-d3be-42a4-959b-bd322405ae5b,953,72,2025-02-10 14:33:37,402.88
bb76d1ae-5943-4580-8977-d4df3fe57b05,429,359,2025-06-15 02:34:49,41.3
d4c72796-9ac9-43cd-be43-f8012af9ce75,303,30,2025-01-03 15:19:13,184.94
d288d814-850c-4a3f-9361-098c62aa4de0,482,137,2025-04-02 13:13:40,211.64
f2767c4b-541e-4929-9da3-8faef468f2a2,932,221,2025-01-14 07:24:07,197.53
ab77a1ef-0db7-422a-8104-3325c2e3c724,687,325,2025-05-18 02:08:30,361.07
3465da5a-a92b-495e-a2b0-a2276f274a22,92,401,2024-11-20 17:49:20,410.24
6a51b39f-67e1-49d3-9dab-dd47fcf0c7a1,614,466,2024-12-31 08:30:55,455.06
ff006eb5-e4e0-4c2c-88c2-f70c51314678,377,58,2024-12-07 07:39:18,143.91
9cfb0103-664d-4a04-9a90-2cfcc9b0d9b2,385,472,2025-06-08 15:24:26,463.86
03b8f54e-95f2-40e1-8ab4-9071a2e5c9a8,164,49,2025-03-19 06:35:01,232.29
431a9dbc-171c-442d-82e3-c7173c5ddbaa,631,450,2025-05-11 14:41:45,64.76
12f4dec4-4baa-4359-a690-a41c7e9bdb5a,275,311,2024-12-14 19:56:16,43.67
54f1c35b-d51d-4583-976d-6ce4588b7d17,272,139,2025-01-28 00:14:23,23.75
35b45200-3acf-428e-b523-350762370ed4,927,274,2024-12-27 21:13:19,450.48
61fb7c46-9100-4a6c-b806-be6a26903c5f,179,166,2025-01-23 15:15:14,479.08
5d5e3910-60f9-468f-a123-b72adbfe77a8,747,60,2025-10-02 09:52:34,161.5
407ea0b0-29bc-4b4d-b678-f87b9f3a29b8,864,195,2024-12-24 16:41:32,218.16
5111f7cb-de88-4765-8260-275037692f42,836,383,2025-06-06 03:28:51,113.36
1cb7e76a-fa67-44d3-898c-69d054fb5ec9,325,421,2025-04-20 17:25:53,440.03
7b226651-57e5-41a6-8188-f9ab4d12689a,652,230,2025-05-24 15:10:19,474.42
c3e9dcd9-6da8-4f6f-8f3a-496a5293f75a,983,74,2025-07-15 19:40:04,496.55
62fc56e2-109f-485b-9240-bc301cb074fa,116,44,2025-06-30 12:25:18,229.66
661bf6e2-5798-4b23-b803-ba70d9b5c9e5,229,151,2025-02-04 02:20:09,164.78
0b1bf384-f340-433b-8c13-a44a80005fe7,383,313,2025-09-15 19:02:36,394.54
530e1120-d324-44c4-9496-7dd9c499ae0e,319,278,2024-12-28 02:47:07,73.09
b2b01bbe-6491-4767-bb9e-20aad2a62d6f,837,42,2025-02-28 14:36:52,268.04
821df658-ed1f-44bd-9706-03aa80a200e6,588,384,2025-08-28 02:48:17,326.16
73a4e01a-f279-4be2-84ea-097357ae421c,377,444,2024-10-30 22:12:01,186.58
392936e1-a260-4678-a093-30f34eb43d7e,904,411,2024-12-17 19:48:17,348.2
39c5a90c-6d53-4dd0-96d5-b17c52dcbc15,930,321,2025-07-06 21:17:22,339.91
86f5a3c3-fe5d-49d3-a22e-67688b58b068,45,208,2025-05-15 22:04:42,263.26
f572fbf2-5d84-4806-bec5-ab7a6205c6f7,80,138,2025-01-03 16:00:02,162.84
b283f304-538d-4429-a3f9-d5bc6e0abcb8,984,26,2025-01-18 20:16:16,303.38
96bbb5bd-627f-456a-a66b-217360ccc433,681,176,2025-08-22 00:35:05,6.89
79747f3e-da47-4ea5-a95a-3557033c8e92,304,274,2025-09-01 06:22:34,162.75
de3934d6-bebb-459e-9659-0f388094db82,7,322,2025-06-22 19:31:38,202.82
897ed8ee-720a-46ae-b1a5-a813b0d1c6b2,752,4,2025-01-06 21:35:30,20.19
3e6ed45d-ee98-4948-935e-9ff2a4a55201,929,226,2025-08-18 20:19:35,45.4
2c5771d9-245c-4eef-9f80-55fa10888409,125,355,2025-05-15 01:59:09,159.63
0e5f59e1-9732-42d6-b4fb-b7f6b256f72b,587,141,2025-08-16 20:48:35,212.26
8fbb79d4-16f7-42c5-bdf5-40f716d8798f,59,65,2025-07-11 10:01:38,36.42
a3f119a3-0e8d-4876-a3c5-aea3fcecf045,742,148,2024-12-08 17:15:59,137.93
4b27c8a9-4645-47b8-9ee2-19f8b34ebaa9,674,30,2025-03-24 08:56:21,168.13
312b5653-5732-4345-9e88-49b6e1a4d632,778,223,2025-08-27 17:59:32,368.46
a6a00e2a-c682-4c6d-a4cb-9e96c9534a95,92,189,2025-03-29 16:11:05,376.75
0d214a2a-d483-44e4-ac77-5a8b4051e4af,159,147,2025-02-12 13:29:30,87.41
0c7e7eec-d8f0-498f-8864-e81327aa2d73,796,120,2025-02-18 10:37:48,29.86
2747bbe7-ac4a-45e1-b275-ec0587536ff4,216,192,2025-02-19 20:50:01,112.31
08a7a9ee-af26-4eac-bdb8-29295e82c6b7,113,184,2025-07-20 14:59:31,467.82
1407a704-d5ef-4468-89d1-a369a5df7edc,988,313,2025-02-23 17:10:36,381.12
2a01156b-c8d1-4853-8f5b-f2e4f93d52f9,516,386,2025-02-11 15:09:33,149.86
e9d8ca0c-24fe-4322-960b-f1d40f87a8d8,102,149,2025-01-08 19:36:41,244.48
c7dde981-34df-4fbc-9230-eabf5ef6c7b1,440,182,2025-05-16 03:57:56,67.89
304afd64-8b6a-4a80-aabb-49965a99fc03,477,171,2025-08-24 19:45:49,438.16
0342c430-018d-42e9-8c97-7454fa72de4c,270,103,2024-11-11 02:09:55,444.33
0eadbc18-c56c-40ff-82ca-d7be9c0c53c3,233,244,2025-06-10 12:47:50,477.24
cc397ba0-e67a-4c19-be82-a2dff463ce19,362,442,2024-11-17 00:14:00,29.91
50cb77c7-468e-416f-8b70-8fe904732564,282,8,2025-01-28 01:28:20,380.5
63693e28-f0bf-422a-9ff9-82a68270ede8,878,441,2024-12-31 07:49:46,233.77
930541be-aef1-42a4-8e8f-dbcf75f791f5,974,321,2025-07-08 06:24:21,404.99
adfa706e-21cf-407a-bcac-cf6f3b581fd4,547,342,2025-04-12 03:19:10,289.98
12565733-0aa5-4e3d-872e-a307866cc24d,955,306,2025-03-23 14:00:16,98.83
f893a531-205e-4f21-aba5-832c9a4bc9d2,933,330,2025-05-30 14:43:36,50.16
10162ef4-84ca-4601-8643-d9473b220b33,673,37,2025-08-19 17:07:23,335.46
586e7276-dc5d-4a77-93c7-aa90345f31da,869,233,2025-05-02 09:48:56,460.21
0df74f5f-af98-4956-a448-49228b12b54e,556,258,2025-04-12 23:43:37,28.63
bdbb1395-d199-45dd-a968-b2b459c0227d,704,365,2025-04-14 23:43:45,325.85
5bf46c14-1270-478c-adc7-e5b19e912099,535,470,2025-09-07 21:20:02,22.26
9f16dc51-eb4e-47be-a04c-f32557302c22,874,149,2025-09-06 15:44:33,472.93
922050ff-fd83-44b4-95b9-295be3cc579c,755,12,2025-01-03 20:12:27,328.76
10ba3c6a-5e21-477d-9431-7bcdcb47d781,950,216,2024-12-04 11:11:35,484.07
284e1279-d206-4aed-b510-4c2f13da08ef,819,379,2024-10-16 16:27:32,411.99
8556592b-9b62-4171-92b3-db25bb8dddba,825,378,2025-08-18 03:19:38,206.07
a07ae239-f745-44bf-8ba7-6e9004cc8b91,720,187,2025-10-09 05:38:31,373.07
849916d2-9477-4dc0-b1c3-faa729d07e1e,927,499,2025-07-14 03:20:03,17.39
ecaddcfa-5d78-437d-86c5-73c613f5c869,834,450,2025-05-06 20:35:43,363.36
415fe1cf-8868-4d95-9395-671197aa16be,955,217,2025-03-30 12:10:03,299.02
a2dee082-6a6b-48a4-8b00-c7f1a5191e0e,43,256,2024-11-19 12:28:59,451.18
bebe0c0b-2b96-4886-a5a6-bc2a8382886d,685,427,2024-11-16 03:41:37,198.27
7cdb2d47-fdd7-4990-b3ac-0e8468ad8618,545,304,2025-01-24 23:18:59,31.31
c8d44c40-0518-40c6-803a-3d7798a629f6,738,34,2025-01-29 15:43:09,79.71
4fd931ec-2ad3-41d7-aa21-5e7a36bdf7ed,329,53,2024-10-26 03:32:34,300.63
b3151b48-3e12-4a5f-bd0b-806567ba3fb3,56,419,2025-06-28 16:43:38,426.11
a1e605e3-e253-48ad-8105-9472efc6fd74,725,66,2025-07-25 09:01:01,407.95
cd323044-717b-4500-aaef-f4c639607df7,667,219,2025-10-01 06:09:11,134.27
51d15775-6abd-4c53-958e-595a2a42ca41,525,266,2025-07-06 10:34:06,218.55
02fe161e-6bb5-4252-beeb-2b0b2fcecdf7,305,150,2024-11-03 03:40:56,194.19
79e57a5d-978c-4f8f-8af4-e515c33ffbc1,657,282,2024-10-25 22:37:08,296.96
b1a10959-4847-48c0-a8d1-7533f07844a2,645,146,2025-07-24 23:02:17,496.4
d56644fb-aef1-4889-85e6-10fdeefffdfc,291,418,2025-03-20 11:47:41,361.36
247b9fb1-1f59-4455-9f1b-4931cac08db7,51,383,2025-06-28 01:13:57,231.88
38e98412-d321-4dab-a34c-cdaea5352307,550,450,2025-07-06 19:31:16,390.69
22edc16e-5e0d-4f98-a137-d82649af1d37,81,204,2025-09-05 13:59:14,156.39
b1de693d-773e-4578-9733-08179d0806a5,663,400,2025-01-31 22:40:27,292.0
a6036e65-ad86-452d-88d0-cda0e6f9a472,948,291,2025-08-25 05:51:41,484.7
fd596732-8be0-4dc0-8e7b-fd0b5a280aeb,896,404,2025-02-09 10:44:59,343.73
822730b6-849b-4ca9-977c-69b194a69458,421,329,2025-08-22 17:09:35,163.98
75ab979d-64ca-479f-bec6-3b96030ae4c4,492,316,2025-06-19 00:47:16,34.28
e46d27d4-2e21-465a-b3f7-7fae876f6c11,418,366,2025-06-12 21:29:26,469.74
6eb35c89-26ee-4b62-97cf-0012f34bce82,376,31,2025-09-21 10:35:28,469.87
895f4dc9-7d74-4840-a756-142dce8b53da,327,340,2025-03-13 21:57:50,304.5
9a5a2bb4-f3ee-46d9-b38e-ee6bdb6914f5,220,444,2025-05-13 08:23:20,128.67
e215832f-7655-46e8-ab6b-89b7f081ca07,598,473,2025-03-20 05:34:08,20.79
257c9c2b-1cfc-4c2c-97e0-7c8aa839194c,427,170,2025-08-29 07:31:22,425.43
a4dc9e8f-af01-4ab2-8148-2cf982a8e443,69,171,2025-04-03 18:15:46,300.91
d270bc51-27af-4676-924c-0b7dc422c0f8,391,465,2024-11-16 04:03:31,15.32
eabe8fd7-07ec-437c-b852-8245d2a87abc,135,91,2025-02-01 07:22:55,321.99
eedfc07b-1c84-4cbb-919b-909dbcab5532,397,200,2024-11-21 14:42:31,119.5
04327088-bfab-484c-a1b1-520ebc83754c,862,379,2025-07-30 20:02:09,167.3
571c198e-71ad-4843-b5bb-93048e9b1f0b,641,372,2024-10-16 10:06:33,218.6
61e63971-3f0b-4cb9-8452-265d0f88fc2c,267,359,2025-07-14 13:24:52,212.72
e6152055-1044-4459-b749-029b29473d93,295,401,2025-01-23 04:58:02,237.99
98244b86-05d6-4d72-a25f-6595536d8da7,99,260,2025-04-17 08:36:25,156.31
8ff9177c-9e7d-4d0b-a115-af64c5dd4a72,508,423,2025-07-11 09:34:15,271.38
3c46c633-356b-4bfc-a4cf-60a8c885e0d2,530,148,2025-07-04 02:31:56,270.4
5429743d-64f5-4357-96dd-2e79017d6d41,747,343,2025-06-03 16:21:02,303.07
723b8990-234a-40ae-b15b-5e828bf6899a,791,228,2024-12-10 14:05:46,87.19
7717bdce-2859-4762-bd06-f2bec4bd1591,418,215,2025-09-11 08:23:33,17.58
bd41d77d-30c0-452e-a376-378a3f0d7817,588,207,2025-05-12 04:56:50,121.52
8f5a0ab2-beb5-48d5-9c73-f02c949d0bd4,419,289,2025-02-10 13:35:10,129.71
c7724613-e4dc-46c4-b598-4211c96b91b9,379,481,2025-10-08 12:22:04,124.63
894e4dcf-bd64-4014-98b3-56db225840b4,10,94,2025-06-29 15:38:45,377.41
363a2224-aed4-433e-bf32-c8163b81d03e,267,488,2025-09-15 19:46:35,494.18
f0942f1d-47e6-4ff1-baf9-613a6d75ee6f,270,101,2024-10-26 22:26:51,352.75
255da36c-9dd4-4b1a-ac52-e9d2fec4877c,36,250,2025-06-26 05:48:33,95.8
155a2506-f335-402f-9d0a-943a3a7fc724,346,48,2025-02-25 10:31:18,71.38
0a53cbe3-f9b6-49f0-9657-5284fc4fa210,817,224,2025-01-04 03:14:55,79.42
6d536d30-a906-49d8-b859-5c608a56f838,522,400,2025-03-31 18:11:47,334.35
1603dbb9-1c5a-4ddb-99e6-944d8782e504,524,367,2025-02-13 04:10:52,37.68
9c219aab-6c21-4e6c-b160-0a0c690cdc0c,127,418,2025-06-27 12:46:12,206.58
384502c9-fa44-41c3-ae86-15b77eed3e3e,879,112,2025-06-26 13:42:32,390.74
152b1420-a518-4d72-aa65-45ee2ad5c70c,234,57,2025-10-07 10:24:25,468.61
66135e75-1e90-44ff-9152-b0b2bb9d738b,963,172,2025-04-08 08:10:41,288.97
45bfec1a-54a7-4567-b7cd-6d1c43e9e737,880,217,2025-01-19 06:36:07,83.87
a811eab2-05a1-4333-81da-6b33a791d5d8,37,445,2025-03-29 08:24:07,372.41
f7c263d9-4d20-4af5-8214-90facbf7e6ce,419,300,2024-12-08 11:18:15,9.4
ab3e3648-80c1-4e8f-b7f8-22f19cd89493,480,3,2025-06-04 15:36:29,300.6
64ab5009-438c-4882-8497-0854d41ce36e,390,200,2025-05-19 20:37:02,81.54
67464707-c599-4aac-b570-003d2f2d1adf,782,304,2025-03-17 21:58:21,57.85
a0fd398a-4aac-41ab-a884-d4c7e970838f,879,297,2025-09-05 04:56:34,90.7
505b01e0-7d11-4c16-85dd-bccb7ed14bd4,878,198,2025-08-26 20:39:17,174.99
228efb45-f18e-4c5d-9af3-1911e7afabdc,192,361,2025-06-12 22:18:01,196.12
cd9fb580-14ad-4c65-b9e8-c07399be2440,540,285,2025-01-11 18:26:58,52.22
88fa1de8-1d2d-4258-b9fd-b8a28829fe0a,750,291,2025-06-18 10:45:21,387.5
fd2fcde5-d544-45aa-a3e2-a956f9f09472,7,111,2025-08-03 09:11:53,422.42
a9cfad3b-42aa-4a42-b32e-3905299cf35b,331,274,2025-06-11 16:20:42,404.27
4d5698e6-da83-4274-b3b0-a929c2a21fc8,785,394,2025-09-16 03:56:29,310.66
925a6a2e-b7ff-4fba-9771-6edd9bb3040a,275,414,2025-03-26 23:02:15,53.3
c21b20c3-6a03-4bb2-9229-e57e06916a7d,248,169,2025-08-02 07:25:12,420.29
3a45c38f-ade9-477e-909b-d901f6530321,871,227,2025-06-25 12:22:55,471.12
ae319c07-c065-40df-ad3e-fa9ba83bc60b,403,399,2025-02-20 15:28:22,281.78
ab279ea2-2839-4a24-ba49-25d3f8344fa7,961,160,2024-12-16 18:43:32,257.26
b79fc9f9-e878-4d25-9d26-634819477302,575,370,2024-12-09 16:50:46,224.22
344df731-ad47-4432-989a-f8404b2f8af8,285,187,2025-09-24 22:23:23,62.03
4d23d9b5-d79b-4c2c-8f9e-a3c972116647,930,463,2025-03-17 17:17:39,162.49
d4dbee34-60a9-4977-8631-7b3c3ce60aca,873,212,2025-03-13 16:14:25,452.73
c3abfcd6-c3eb-487c-9dc8-b775f58fae98,301,198,2025-01-14 12:36:53,334.75
2af90e89-40a3-45f4-8977-6c8fe2ca1d51,59,212,2025-03-10 20:10:45,487.0
5494d85b-cd13-4e80-ae5d-ed366ea96720,996,220,2024-11-29 18:49:17,85.17
2a2d946e-2184-4453-b94c-d239a59a122c,39,249,2025-06-11 17:51:07,288.07
abf49a59-9356-4293-aacf-5fe79b75a77a,584,470,2024-12-25 20:21:42,239.21
c079bb2e-64fc-4d85-ba4f-d091bdeda902,517,359,2025-01-29 07:03:34,224.67
6fd4203d-6db2-46b8-a171-4644835159fd,591,51,2025-06-02 17:00:25,280.51
ed3caca4-1f5e-4a53-99b8-cc603fbfb3d2,945,125,2025-04-11 14:19:17,283.46
d19fb832-36cd-4f8e-9bad-49f5375f8dec,239,28,2024-11-21 14:00:23,272.17
666a64a0-9275-4e50-927d-0981a38ef0fc,218,298,2025-02-25 02:42:18,314.52
5c393561-3cec-4d23-bd46-b744ac8aabff,697,392,2025-04-26 17:52:36,327.81
bee1f6f7-5fb7-4041-92c2-b2ff497f2876,425,24,2025-07-22 09:43:51,32.78
9e8d03cc-1e5e-46d2-94c8-05bd18e60af0,993,279,2025-09-10 01:04:30,300.66
ec748119-22d9-4a15-80d4-0cc7cc380e1e,633,319,2024-12-30 17:33:06,365.24
ffa3d675-9218-4314-98be-703ae0b639b2,625,281,2024-11-09 16:00:56,329.81
55f27322-a92f-401a-b530-d62a044fe965,419,260,2024-11-11 06:59:55,493.34
883b403d-7c6c-46c7-a126-e1bfee6efa6d,29,266,2025-03-23 04:45:08,390.99
1b4fc1a6-c33f-491e-999c-74926266432a,8,500,2025-05-07 16:31:44,407.8
7c5e8717-22af-4bea-becd-d4f26a3fec19,467,15,2025-06-30 05:31:27,187.49
2346240d-03a1-41ec-b751-69de6db04aa4,304,439,2025-06-19 16:05:06,318.45
d465be75-29db-496c-b5ef-6e50dba23582,388,329,2024-11-03 16:06:51,363.17
5b22ee72-262e-4869-9095-1e93e7b4ce4d,312,464,2025-07-30 19:53:46,271.5
e819f159-fe5f-4326-8620-3b07609ccf00,495,9,2025-08-29 03:58:49,185.99
a595603a-2504-4826-809d-de75f1cdeaa2,218,198,2025-01-21 08:03:24,29.6
7cfe4649-d52b-450e-b9bc-020463a2ad76,321,188,2025-02-07 20:26:08,154.04
5fbdb05e-cbf7-4ff1-a951-0a2f339318d0,490,162,2025-05-28 17:45:26,433.11
c83fb3f4-7adc-4219-aa88-3aeb2e946ef5,89,334,2025-09-18 11:28:38,216.86
bc576acf-977d-49fd-8c5d-fa104a087ebf,460,16,2024-11-12 08:46:47,271.42
ece3aca5-5145-45c1-9fb2-7c4a85686c40,941,5,2025-08-12 15:38:35,328.85
05f135b7-2d73-4e5c-a9a8-2a9d91d52dde,46,438,2025-02-07 12:34:27,413.47
2dfbce51-194b-433c-a883-f4b3f3ccde9d,583,259,2025-04-30 23:46:34,244.81
eae5ef16-3f32-4fa2-b327-e7807e1da0ec,262,79,2025-07-10 18:24:21,53.49
3fd6b99c-7e5e-48f9-84ee-7c68f2d8d6eb,901,53,2025-02-27 00:16:31,213.83
9402d06d-f627-450b-8482-3e70b65ff0d9,552,411,2025-09-22 14:05:59,409.13
cc9bfdb4-8f6e-40f6-9487-acc6c5fbba17,565,420,2024-12-26 00:22:40,292.22
45c3db19-5229-41ba-a734-81ac6e10620e,588,78,2025-03-09 12:02:09,265.29
afe6b915-be56-4bd5-b206-119528d29930,634,473,2025-09-07 06:09:51,321.27
c39cabb4-92d8-4afa-be2b-eba0ab97b4be,41,451,2025-02-21 17:32:41,220.43
a9f22444-32b5-4460-b6df-ee5b97ee2fcc,425,270,2025-09-20 00:32:48,440.04
5571e3c8-cb72-4476-8476-b1df1a0e1af4,134,200,2025-09-30 15:43:48,64.57
d5b4950f-b58d-4772-a8c8-338e55f5f5a4,341,311,2024-12-14 14:41:00,220.55
75fad9d4-cf9b-4267-b527-8f1012291d83,208,322,2025-09-21 03:20:40,90.36
0fbf0a96-2773-4d22-9bb7-80a0a461b428,813,146,2024-10-26 13:08:51,368.44
0f2e65d9-8d89-49dd-a367-fc5dd43226d4,189,154,2025-05-25 23:20:22,50.93
6a2cb245-531a-4e12-9f36-8178732008c1,847,184,2025-08-01 19:16:23,310.52
18759789-1571-4f76-8900-6947310a6910,526,100,2025-01-29 16:08:22,137.27
6da74d28-a9bf-444a-bc85-16a0cb6ba4b6,149,364,2025-02-21 23:26:47,409.05
d8ca748d-8854-411e-ae81-ebc47d09679d,358,301,2025-05-14 02:13:52,407.72
2e3b28be-bbde-480e-ab64-8a11332b5f39,426,17,2024-10-16 10:39:54,482.48
89e6e06c-d070-4365-876d-c9d24fdd00c4,233,251,2025-03-01 15:13:37,441.83
1ca8811d-e67c-4ce5-96d9-cee89208bb1b,232,36,2024-12-03 12:42:27,382.84
d9d1ace0-817f-49e7-98c6-c045794ce373,745,134,2025-09-21 02:23:53,213.27
017c17a4-1f30-4b89-9b9a-2eb5c1e3e5bf,2,285,2024-12-25 18:02:47,399.45
f5af5734-1702-48f1-ae92-7fab66b96ca2,689,424,2025-04-10 12:43:22,361.64
3b871607-e5cf-4ca9-b8b4-b58ffd48f05a,92,207,2025-09-18 07:32:47,158.5
e76bc26e-3b7f-4634-9adb-8d7857a4e43c,352,295,2025-04-21 17:54:16,49.22
34ca4d10-266c-454b-9cba-99fb434aedaf,889,215,2025-02-25 23:58:49,332.09
d568bfe7-7f03-4910-a617-c278ac7836d9,725,201,2025-06-05 04:43:02,106.11
3abd08ed-9e66-4a50-a892-4004ee27cc08,773,8,2025-09-10 00:20:50,252.13
f826e422-b4f8-4f9f-bf7a-6e7044bb91db,828,324,2024-12-29 04:43:48,444.19
1505888c-7144-4890-83d3-9d429873d4e9,479,14,2025-02-23 02:00:22,372.83
78c8e645-20be-4e77-a781-9aa50ff7c135,914,51,2025-09-29 11:29:27,127.07
5b73e8f3-34c0-4f7b-bbff-93453cd73a99,604,235,2025-09-30 00:06:15,345.81
e31a24bc-9a67-46c2-a7ae-fdb81bffbea6,21,200,2025-07-04 09:04:32,486.13
4da1d6fa-e1e3-40ae-845d-a4607aa09706,745,280,2024-12-25 14:09:25,312.78
a027a57c-645f-426f-b008-9af52d5fb2e7,602,364,2025-05-28 03:48:10,109.78
8d708e80-e1b4-43d2-afb4-b2ae180a1cc0,672,405,2025-08-28 14:21:48,290.63
2fd575b4-13dd-43da-912c-78fdb5f0ec40,777,330,2025-01-12 05:10:55,96.94
2c5feb2d-45bd-4fe5-ac39-f4853be22ef2,252,293,2025-02-01 10:34:22,20.64
842bfa41-bc71-4325-9147-164c11ffe425,698,77,2025-04-26 16:34:16,385.81
94ec65ea-6d99-4747-a766-7eb626691f13,765,431,2024-11-06 11:33:40,470.32
98c1addf-1ebd-41e8-9d14-806f5077f22c,331,257,2025-06-01 00:04:56,351.24
866be348-516c-4342-b579-026635ae7240,915,360,2024-11-22 14:59:13,355.8
0fa4c4e7-39eb-4fea-af89-0ffcf2fd4070,310,116,2024-11-11 00:49:49,97.72
b6cf8808-f4b1-4ee6-a4c1-8da073fe08bf,592,345,2025-03-27 15:15:42,57.24
5f6be285-2fe1-45f4-963b-ccbed0fc1d80,712,432,2024-12-08 12:29:06,229.17
930a7bb6-325f-4e0e-a4e5-9469c74b42f2,103,205,2025-04-14 17:36:43,451.81
31e97432-abb3-40d8-8cad-f4527caec875,459,367,2025-09-14 01:37:35,6.59
825cfe72-28f4-4668-abc2-65a86edc7fb1,257,58,2024-11-13 14:54:56,257.86
f9a1ae4e-02ee-4478-bdde-b3dd162a8ee3,619,210,2025-05-27 04:03:59,161.79
e3ff85a0-36bc-43e8-b930-4157b62bd76a,945,127,2025-06-12 12:09:08,47.99
1405d70a-518c-424d-a086-d70977b37cf6,834,188,2024-12-12 09:08:59,31.95
642f4c01-1347-4ef5-80e1-c885ca2cacf4,813,68,2024-10-18 20:41:53,452.41
1c28d9a0-127c-4319-8f5d-6c5cea8b34a6,819,193,2025-09-01 02:42:49,337.42
0b93a752-7db1-4a06-a628-278b580a0dc8,69,220,2025-07-13 19:42:35,101.0
9c3b6650-1191-40fd-a4d3-815807567975,460,161,2025-09-26 11:35:46,419.6
b167615c-cd9b-4032-acc6-bcf0755675f8,697,209,2025-03-08 11:27:51,488.67
1da05536-aaa5-4c8d-8680-540b9144129e,86,283,2025-02-26 12:37:32,158.78
c6315664-179b-49c6-9702-c3cf554f95d1,725,476,2024-12-19 03:47:28,495.46
f4b67fa8-05c5-4770-a414-a6432b59b8ca,825,306,2024-11-18 09:46:21,182.49
0836548d-12e0-4f81-898e-6213478d0814,807,305,2025-07-26 10:19:34,283.62
ad5062e8-66d2-497c-819b-69ef31398fc0,123,16,2025-05-26 08:39:36,333.36
1680def0-4828-4ddb-a52c-f013c090b383,974,423,2025-03-03 04:22:53,257.35
b74fcfdc-63cb-4001-a6f2-bf0bd6a071ac,560,118,2024-11-10 11:11:52,438.73
0cfdd569-5fb5-4536-9b2a-e865de3a5303,157,324,2025-04-29 00:26:49,191.82
479c6730-60b7-4d9b-a16b-c3a8af70dcba,452,463,2025-01-13 09:47:52,266.4
097a0875-8342-4a78-819b-cbda551e6c6e,779,357,2025-09-01 14:41:08,316.8
609e813c-5ce4-41c0-bfbc-168a20217ad9,421,317,2025-05-17 10:37:51,271.15
25bb8858-7554-4098-b466-db18c36129de,173,431,2025-06-24 04:09:45,23.8
78758ccd-c621-439f-9859-d915a8e11111,314,253,2024-12-22 17:01:07,221.28
4f70e25f-6322-4eb5-b43d-dd3b94a7eb40,238,324,2025-02-14 07:55:59,33.31
6a7d4db7-d642-4863-b95e-604864749d9f,205,66,2025-05-13 00:21:25,128.3
dd59241e-d3ef-4642-88b7-1185bdb6fbe4,172,424,2024-12-31 22:18:45,138.7
182beb2c-3912-4fc2-8eaf-7767cc766444,52,449,2025-01-18 14:08:28,368.89
e136b64c-4188-4290-9f8a-eee7953752e5,721,363,2024-10-30 12:43:24,71.28
77a7263b-5325-41fc-b04c-7418c9838884,743,107,2025-07-03 14:16:12,360.71
71e14d01-4bd0-4749-852a-ad908a4cfa03,94,50,2025-06-24 05:51:36,251.15
041573b8-c2e3-4e2b-bab0-11bbad3df372,510,292,2025-04-29 15:21:00,362.63
e058799b-1abf-484a-b352-90cf31f43d9b,521,394,2025-09-25 09:51:07,180.32
f17ea9f4-2fcd-4c84-b9d0-16a4ebfabd5a,315,118,2025-05-21 23:16:57,214.64
f04be316-811a-4312-8036-6e3063a1d7df,280,97,2025-03-06 19:00:06,145.55
f5a09386-542c-4f69-8625-8b6e545358d1,890,139,2025-05-04 19:40:41,395.38
616718b8-1f16-4765-a5a1-34446f9025c4,145,379,2025-09-14 17:59:02,173.51
ae6f5e16-530a-4726-9abe-33766761e75a,705,43,2025-04-09 00:56:31,333.78
64c9e4b2-dc2c-4bd4-bc01-f8b250f7167f,465,175,2025-01-18 21:47:01,452.72
c62dc801-aec3-4ad8-b2c4-543ece44ebf8,442,449,2025-05-27 22:30:26,94.13
dba0cd01-0de1-4447-bc5c-948c75615d55,705,133,2025-03-03 04:20:14,343.25
3f99f31f-c13b-41bf-9fdc-c077cfc83c9b,704,295,2025-03-26 22:06:33,432.64
6f014452-bc36-4266-9fda-0b60689514f6,878,97,2024-10-25 22:25:22,62.52
1ddbfde9-b63a-41e9-b934-3db805142e3d,232,158,2025-08-12 15:31:07,169.58
d8e07c55-5f8a-4dcf-9c51-926ffa06597d,498,319,2025-02-21 11:34:19,282.9
c7288cfe-9c49-43fd-9d52-387fe52b70b3,994,436,2024-12-16 01:15:35,408.89
4162a6c8-86cd-48b5-add7-0e7ecc2a3fd6,29,73,2025-09-04 20:13:01,19.16
dbc66ebe-d051-4589-a2e0-84cf7eadf649,94,322,2025-01-09 15:54:28,249.48
0b038005-f5ee-4be5-ae00-9927ca5fa700,334,316,2024-11-26 09:28:57,315.21
a8440f9d-4d3a-4e82-b61b-12dd2e956364,717,345,2025-09-15 10:46:45,146.91
62fb263e-da37-4ad6-81e6-83b071c8996e,25,217,2025-09-14 16:32:33,337.6
b2acf2ab-414f-4c89-850b-ca35b1c77c56,559,205,2025-04-14 07:41:56,26.42
2f82822f-ad73-45ff-8165-9dc13f801748,852,397,2024-11-05 04:17:32,271.5
8c07d653-b9a6-43b2-bbc7-829eaba8bd60,15,282,2025-07-05 22:21:45,21.32
061e3d53-4164-4bc3-ae98-f0c5b10137e9,989,435,2025-04-11 06:34:47,404.79
8e693b58-e3ad-4c59-b144-b7d52f9eaec3,177,421,2025-07-17 16:46:41,298.58
131185ba-f351-4d31-8d5a-9d2d1486d5ee,81,19,2025-08-20 17:47:05,136.69
b7be6291-57d6-4e5e-8e07-03b78a540614,730,60,2024-12-22 17:14:47,256.36
68b4c4ec-126c-4d5d-9200-30e6a9ce8233,860,2,2024-10-27 13:59:26,348.86
89f71fcc-df63-4963-a02d-aa6606b87bbe,598,436,2025-01-14 20:17:27,53.31
738c77bb-cd5a-414f-a21d-8faf5af53d5a,945,97,2024-10-25 18:07:47,309.78
db790514-4247-47c7-9f2d-fb80f02a66cb,225,189,2025-02-27 11:25:03,218.64
0c1c2ce8-ba91-4a95-ae7f-17e938f26d3e,792,80,2025-07-22 23:32:12,395.54
1bdd90ec-c884-4542-a19f-44946358b202,871,200,2025-08-25 14:37:51,177.51
6e15a18e-919b-491a-bff7-3267a17e3f2a,449,214,2025-05-19 10:01:27,378.09
2de8b955-886a-4bac-92b0-931e214c75d1,3,226,2025-02-12 01:48:36,62.74
b92eca58-ed7b-455a-96ad-d8027b17b6f4,317,23,2024-11-11 08:06:43,110.36
e1ddc4f4-d117-497b-9a6e-82a420f6006b,408,197,2025-04-18 19:15:53,182.2
7b61edfb-95a7-431d-ab9e-b9b00bbac116,931,261,2024-12-05 02:09:01,22.57
